year,season,league_name,week,team_1,team_2,Blue,Red,MH,PB,Start,Post,HL,MVP,set_number
2019.0,spring,LCK,1,SKT,JAG,SKT,JAG,https://matchhistory.euw.leagueoflegends.com/en/#match-details/ESPORTSTMNT01/1041158?gameHash=07b3a542b5c64ccb&tab=overview,https://youtu.be/0GHDjcTCVsI?t=1811,https://youtu.be/0GHDjcTCVsI?t=2284,https://youtu.be/0GHDjcTCVsI?t=3890,https://www.youtube.com/watch?v=nzFLqFzB3Ew&t=10s,Clid,1.0
2019.0,spring,LCK,1,,,JAG,SKT,https://matchhistory.euw.leagueoflegends.com/en/#match-details/ESPORTSTMNT01/1041166?gameHash=7319308a5307a82e&tab=overview,https://youtu.be/nS9L30zQSTc?t=1361,https://youtu.be/nS9L30zQSTc?t=1877,https://youtu.be/nS9L30zQSTc?t=3843,https://www.youtube.com/watch?v=v6zCRPGczBA&t=10s,Teddy,2.0
2019.0,spring,LCK,1,DWG,GEN,DWG,GEN,https://matchhistory.euw.leagueoflegends.com/en/#match-details/ESPORTSTMNT01/1041205?gameHash=c6b3e8de3b098479&tab=overview,https://youtu.be/RKADd3IK51Q?t=900,https://youtu.be/RKADd3IK51Q?t=1265,https://youtu.be/RKADd3IK51Q?t=3648,https://www.youtube.com/watch?v=8RrauB_0E2Y&t=10s,Canyon,1.0
2019.0,spring,LCK,1,,,GEN,DWG,https://matchhistory.euw.leagueoflegends.com/en/#match-details/ESPORTSTMNT01/1041216?gameHash=0366dbcf63ce8e8f&tab=overview,https://youtu.be/4kIRuH8vtg4?t=415,https://youtu.be/4kIRuH8vtg4?t=763,https://youtu.be/4kIRuH8vtg4?t=2550,https://www.youtube.com/watch?v=BHm4vaVX4Nc&t=10s,Nuclear,2.0
2019.0,spring,LCK,1,KT,HLE,KT,HLE,https://matchhistory.euw.leagueoflegends.com/en/#match-details/ESPORTSTMNT01/1041447?gameHash=d2ec381d2bc354ce&tab=overview,https://youtu.be/ov-OksUv9vU?t=646,https://youtu.be/ov-OksUv9vU?t=1163,https://youtu.be/ov-OksUv9vU?t=3322,https://www.youtube.com/watch?v=x9CcHbGbw7w&t=10s,Score,1.0
2019.0,spring,LCK,1,,,HLE,KT,https://matchhistory.euw.leagueoflegends.com/en/#match-details/ESPORTSTMNT01/1041495?gameHash=06ec56352c78c8c0&tab=overview,https://youtu.be/q-froiqV-AQ?t=606,https://youtu.be/q-froiqV-AQ?t=1070,https://youtu.be/q-froiqV-AQ?t=3112,https://www.youtube.com/watch?v=wCcCQSLxltk&t=10s,bonO,2.0
2019.0,spring,LCK,1,,,KT,HLE,https://matchhistory.euw.leagueoflegends.com/en/#match-details/ESPORTSTMNT01/1041497?gameHash=54b113d1cebe3603&tab=overview,https://youtu.be/nWXSU2kl2Hc?t=538,https://youtu.be/nWXSU2kl2Hc?t=964,https://youtu.be/nWXSU2kl2Hc?t=3021,https://www.youtube.com/watch?v=A0d8eV8kvEw,Thal,3.0
2019.0,spring,LCK,1,KZ,GRF,KZ,GRF,https://matchhistory.euw.leagueoflegends.com/en/#match-details/ESPORTSTMNT01/1041504?gameHash=c91507e194a6d7d4&tab=overview,https://youtu.be/DZmPj8P20jE?t=1199,https://youtu.be/DZmPj8P20jE?t=1596,https://youtu.be/DZmPj8P20jE?t=3090,https://www.youtube.com/watch?v=vGAO6MHlfAc&t=10s,Tarzan,1.0
2019.0,spring,LCK,1,,,GRF,KZ,https://matchhistory.euw.leagueoflegends.com/en/#match-details/ESPORTSTMNT01/1041535?gameHash=60687e5ba3102eed&tab=overview,https://youtu.be/EeDl-x3GjAo?t=508,https://youtu.be/EeDl-x3GjAo?t=989,https://youtu.be/EeDl-x3GjAo?t=2820,https://www.youtube.com/watch?v=t8fT_h7adK4&t=10s,Tarzan,2.0
2019.0,spring,LCK,1,GEN,SB,GEN,SB,https://matchhistory.euw.leagueoflegends.com/en/#match-details/ESPORTSTMNT01/1041676?gameHash=ee12ff55942fbf22&tab=overview,https://youtu.be/_wgy4NzNUpY?t=727,https://youtu.be/_wgy4NzNUpY?t=1121,https://youtu.be/_wgy4NzNUpY?t=3325,https://www.youtube.com/watch?v=GcVSAp3_1T8&t=10s,Ghost,1.0
2019.0,spring,LCK,1,,,SB,GEN,https://matchhistory.euw.leagueoflegends.com/en/#match-details/ESPORTSTMNT01/1041724?gameHash=e592380c2a4b7cac&tab=overview,https://youtu.be/QP3ubuizxRg?t=423,https://youtu.be/QP3ubuizxRg?t=960,https://youtu.be/QP3ubuizxRg?t=2828,https://www.youtube.com/watch?v=CDNd52j0QTg&t=10s,Ghost,2.0
2019.0,spring,LCK,1,AF,SKT,AF,SKT,https://matchhistory.euw.leagueoflegends.com/en/#match-details/ESPORTSTMNT01/1041734?gameHash=7b5c1c39a177b491&tab=overview,https://youtu.be/-sXvL1v2BsQ?t=700,https://youtu.be/-sXvL1v2BsQ?t=1134,https://youtu.be/-sXvL1v2BsQ?t=2847,https://www.youtube.com/watch?v=5dhDTLku4Js&t=10s,Clid,1.0
2019.0,spring,LCK,1,,,SKT,AF,https://matchhistory.euw.leagueoflegends.com/en/#match-details/ESPORTSTMNT01/1041756?gameHash=445c501942700bb6&tab=overview,https://youtu.be/Fg6WW1_BWjI?t=539,https://youtu.be/Fg6WW1_BWjI?t=948,https://youtu.be/Fg6WW1_BWjI?t=2445,https://www.youtube.com/watch?v=vZNJ-rl_0j8&t=10s,Teddy,2.0
2019.0,spring,LCK,1,DWG,KT,DWG,KT,https://matchhistory.euw.leagueoflegends.com/en/#match-details/ESPORTSTMNT01/1041882?gameHash=f670a5ce703ed3b6&tab=overview,https://www.youtube.com/watch?v=rdzCnUxZVoo,https://www.youtube.com/watch?v=rdzCnUxZVoo&t=7m3s,https://youtu.be/rdzCnUxZVoo?t=2912,https://www.youtube.com/watch?v=2Pac4dk-JMI&t=10s,ShowMaker,1.0
2019.0,spring,LCK,1,,,KT,DWG,https://matchhistory.euw.leagueoflegends.com/en/#match-details/ESPORTSTMNT01/1041911?gameHash=945968be2242c0d1&tab=overview,https://www.youtube.com/watch?v=3RGjtcfXedk,https://www.youtube.com/watch?v=3RGjtcfXedk&t=7m6s,https://youtu.be/3RGjtcfXedk?t=2482,https://www.youtube.com/watch?v=tyDCTKKoieY&t=10s,Nuguri,2.0
2019.0,spring,LCK,1,GRF,JAG,GRF,JAG,https://matchhistory.euw.leagueoflegends.com/en/#match-details/ESPORTSTMNT01/1031941?gameHash=a7ada8e9806d6b38&tab=overview,https://youtu.be/TM98mF8Nbpc,https://youtu.be/TM98mF8Nbpc?t=480,https://youtu.be/TM98mF8Nbpc?t=2115,https://www.youtube.com/watch?v=KVJrvBC9YLQ&t=10s,Tarzan,1.0
2019.0,spring,LCK,1,,,JAG,GRF,https://matchhistory.euw.leagueoflegends.com/en/#match-details/ESPORTSTMNT01/1031972?gameHash=d3e7fcbced0ba4bc&tab=overview,https://youtu.be/ukLDGp_EmUU,https://youtu.be/ukLDGp_EmUU?t=480,https://youtu.be/ukLDGp_EmUU?t=2207,https://www.youtube.com/watch?v=91WXLGle8BQ&t=10s,Tarzan,2.0
2019.0,spring,LCK,1,KZ,SB,KZ,SB,http://matchhistory.euw.leagueoflegends.com/en/#match-details/ESPORTSTMNT01/1032162?gameHash=918d8305e855403c,https://youtu.be/8jtOFe0Lnzo?t=1599,https://youtu.be/8jtOFe0Lnzo?t=1929,https://youtu.be/8jtOFe0Lnzo?t=3896,https://youtu.be/LK3l2p6LeMA?t=10,Summit,1.0
2019.0,spring,LCK,1,,,SB,KZ,http://matchhistory.euw.leagueoflegends.com/en/#match-details/ESPORTSTMNT01/1032172?gameHash=8ede6f2fb19b38c8,https://youtu.be/OlKTadMenO8?t=249,https://youtu.be/OlKTadMenO8?t=673,https://youtu.be/OlKTadMenO8?t=2339,https://youtu.be/nlsX1CjEEqk?t=10,OnFleek,2.0
2019.0,spring,LCK,1,AF,HLE,AF,HLE,http://matchhistory.euw.leagueoflegends.com/en/#match-details/ESPORTSTMNT01/1042154?gameHash=9f3ffd85a4010526,https://youtu.be/uZHDo1bJPKg?t=715,https://youtu.be/uZHDo1bJPKg?t=1132,https://youtu.be/uZHDo1bJPKg?t=3456,https://youtu.be/_9vLXytf3oM?t=10,Lava,1.0
2019.0,spring,LCK,1,,,HLE,AF,http://matchhistory.euw.leagueoflegends.com/en/#match-details/ESPORTSTMNT01/1042168?gameHash=8480d87736d931d3,https://youtu.be/bRu4oPyX3UA?t=199,https://youtu.be/bRu4oPyX3UA?t=617,https://youtu.be/bRu4oPyX3UA?t=2631,https://youtu.be/3chhki0ukYM?t=10,Lava,2.0
2019.0,spring,LCK,2,KT,KZ,KT,KZ,https://matchhistory.euw.leagueoflegends.com/en/#match-details/ESPORTSTMNT01/1032839?gameHash=1d03f4932dfc5318&tab=overview,https://youtu.be/w_5kgtHr2Nc?t=760,https://youtu.be/w_5kgtHr2Nc?t=1170,https://youtu.be/w_5kgtHr2Nc?t=3895,https://www.youtube.com/watch?v=vPt1R6nA3Vg&t=10s,Deft,1.0
2019.0,spring,LCK,2,,,KZ,KT,https://matchhistory.euw.leagueoflegends.com/en/#match-details/ESPORTSTMNT01/1032853?gameHash=9ea6261c981102c0&tab=overview,https://youtu.be/MFroxefLf1s?t=170,https://youtu.be/MFroxefLf1s?t=604,https://youtu.be/MFroxefLf1s?t=2178,https://www.youtube.com/watch?v=Ohvh5HITW24&t=10s,Rascal,2.0
2019.0,spring,LCK,2,HLE,GRF,HLE,GRF,https://matchhistory.euw.leagueoflegends.com/en/#match-details/ESPORTSTMNT01/1042854?gameHash=27d00870a99d6d8d&tab=overview,https://youtu.be/OeVbAHl8ErU?t=634,https://youtu.be/OeVbAHl8ErU?t=1127,https://youtu.be/OeVbAHl8ErU?t=3356,https://www.youtube.com/watch?v=YRREgvX1atU&t=10s,Viper,1.0
2019.0,spring,LCK,2,,,GRF,HLE,https://matchhistory.euw.leagueoflegends.com/en/#match-details/ESPORTSTMNT01/1032906?gameHash=8e4ecc88d33612f4&tab=overview,https://youtu.be/u7isw2za_NM?t=171,https://youtu.be/u7isw2za_NM?t=683,https://youtu.be/u7isw2za_NM?t=2404,https://www.youtube.com/watch?v=TxygYSI8cnA&t=10s,Chovy,2.0
2019.0,spring,LCK,2,SB,SKT,SB,SKT,https://matchhistory.euw.leagueoflegends.com/en/#match-details/ESPORTSTMNT01/1043122?gameHash=17c221acb3ea1f72&tab=overview,https://youtu.be/hSGdKqU9fiI?t=894,https://youtu.be/hSGdKqU9fiI?t=1352,https://youtu.be/hSGdKqU9fiI?t=3322,https://www.youtube.com/watch?v=H5n3nSK_GIc&t=10s,Clid,1.0
2019.0,spring,LCK,2,,,SKT,SB,https://matchhistory.euw.leagueoflegends.com/en/#match-details/ESPORTSTMNT01/1043158?gameHash=8225ca96fe944bab&tab=overview,https://youtu.be/NDVilgfm-Pk?t=129,https://youtu.be/NDVilgfm-Pk?t=632,https://youtu.be/NDVilgfm-Pk?t=2362,https://www.youtube.com/watch?v=B05anNJ3j90&t=10s,Summit,2.0
2019.0,spring,LCK,2,,,SB,SKT,https://matchhistory.euw.leagueoflegends.com/en/#match-details/ESPORTSTMNT01/1043165?gameHash=efefe255f86bdc34&tab=overview,https://www.youtube.com/watch?v=DITVrL-0fX8,https://www.youtube.com/watch?v=DITVrL-0fX8&t=8m,https://youtu.be/DITVrL-0fX8?t=2264,https://www.youtube.com/watch?v=y-FS9RkBu-Q&t=10s,OnFleek,3.0
2019.0,spring,LCK,2,GEN,AF,GEN,AF,http://matchhistory.euw.leagueoflegends.com/en/#match-details/ESPORTSTMNT01/1043203?gameHash=b59209cc67e23c3e,https://www.youtube.com/watch?v=tG8ijRucy4I,https://www.youtube.com/watch?v=tG8ijRucy4I&t=5m35s,https://youtu.be/tG8ijRucy4I?t=2254,https://www.youtube.com/watch?v=BTDoFowv-Zc&t=10s,Kiin,1.0
2019.0,spring,LCK,2,,,AF,GEN,http://matchhistory.euw.leagueoflegends.com/en/#match-details/ESPORTSTMNT01/1043218?gameHash=276b0fa0e4a0f375,https://www.youtube.com/watch?v=B5WxyjEaWBg,https://www.youtube.com/watch?v=B5WxyjEaWBg&t=6m6s,https://youtu.be/B5WxyjEaWBg?t=2732,https://www.youtube.com/watch?v=q0PQPQACLj8&t=10s,Ruler,2.0
2019.0,spring,LCK,2,,,GEN,AF,http://matchhistory.euw.leagueoflegends.com/en/#match-details/ESPORTSTMNT01/1043223?gameHash=1cc1cba9a548e1a7,https://www.youtube.com/watch?v=2O2EnTFsO8g,https://www.youtube.com/watch?v=2O2EnTFsO8g&t=5m40s,https://youtu.be/2O2EnTFsO8g?t=2951,https://www.youtube.com/watch?v=5mCYNIGE6ws&t=10s,Kiin,3.0
2019.0,spring,LCK,2,KT,JAG,KT,JAG,https://matchhistory.euw.leagueoflegends.com/en/#match-details/ESPORTSTMNT02/991789?gameHash=f9961c731b40b48a&tab=overview,https://youtu.be/zSMDPSMScEc?t=766,https://youtu.be/zSMDPSMScEc?t=1206,https://youtu.be/zSMDPSMScEc?t=3908,https://youtu.be/2k928CqCR84?t=10,Bdd,1.0
2019.0,spring,LCK,2,,,JAG,KT,https://matchhistory.euw.leagueoflegends.com/en/#match-details/ESPORTSTMNT02/981807?gameHash=1052b815fd910866&tab=overview,https://youtu.be/CszGE8LHIgw?t=137,https://youtu.be/CszGE8LHIgw?t=604,https://youtu.be/CszGE8LHIgw?t=2320,https://youtu.be/9K5H7igANzg?t=10,Bdd,2.0
2019.0,spring,LCK,2,DWG,GRF,DWG,GRF,https://matchhistory.euw.leagueoflegends.com/en/#match-details/ESPORTSTMNT02/991935?gameHash=dc9d13431772c54b&tab=overview,https://youtu.be/Eoc1W2FLbAs?t=682,https://youtu.be/Eoc1W2FLbAs?t=1132,https://youtu.be/Eoc1W2FLbAs?t=3548,https://youtu.be/dNbEdRyj51Q?t=10,Chovy,1.0
2019.0,spring,LCK,2,,,GRF,DWG,https://matchhistory.euw.leagueoflegends.com/en/#match-details/ESPORTSTMNT02/981910?gameHash=8080755888ba8942&tab=overview,https://youtu.be/BJXRu43BX6E?t=35,https://youtu.be/BJXRu43BX6E?t=462,https://youtu.be/BJXRu43BX6E?t=2097,https://youtu.be/VmVZfTMyYfQ?t=10,Chovy,2.0
2019.0,spring,LCK,2,KZ,AF,KZ,AF,https://matchhistory.euw.leagueoflegends.com/en/#match-details/ESPORTSTMNT02/982269?gameHash=7430405614184a16&tab=overview,https://youtu.be/PQRjMI4T45g?t=720,https://youtu.be/PQRjMI4T45g?t=1036,https://youtu.be/PQRjMI4T45g?t=2865,https://youtu.be/kRYJnK4cssY?t=10,Deft,1.0
2019.0,spring,LCK,2,,,AF,KZ,https://matchhistory.euw.leagueoflegends.com/en/#match-details/ESPORTSTMNT02/982307?gameHash=1b6824883596a5d1&tab=overview,https://youtu.be/WHxaOBgQ_-A?t=84,https://youtu.be/WHxaOBgQ_-A?t=421,https://youtu.be/WHxaOBgQ_-A?t=2385,https://youtu.be/aE1gLBdHY7g?t=10,TusiN,2.0
2019.0,spring,LCK,2,SB,HLE,SB,HLE,https://matchhistory.euw.leagueoflegends.com/en/#match-details/ESPORTSTMNT02/982326?gameHash=c7348b3bbda9f270&tab=overview,https://youtu.be/GF22h4yi2_k?t=675,https://youtu.be/GF22h4yi2_k?t=1141,https://youtu.be/GF22h4yi2_k?t=2880,https://youtu.be/uPSQej3efIY?t=10,Ghost,1.0
2019.0,spring,LCK,2,,,HLE,SB,https://matchhistory.euw.leagueoflegends.com/en/#match-details/ESPORTSTMNT02/982393?gameHash=19985969b776b434&tab=overview,https://youtu.be/-BN2Tq5GA5k?t=287,https://youtu.be/-BN2Tq5GA5k?t=797,https://youtu.be/-BN2Tq5GA5k?t=3017,https://youtu.be/ZrWTCpiNRaQ?t=10,OnFleek,2.0
2019.0,spring,LCK,2,SKT,DWG,SKT,DWG,http://matchhistory.euw.leagueoflegends.com/en/#match-details/ESPORTSTMNT02/982640?gameHash=541770f0356ca4a1,https://youtu.be/CjUG9hew--k?t=738,https://youtu.be/CjUG9hew--k?t=1229,https://youtu.be/CjUG9hew--k?t=3456,https://youtu.be/NXp4e3As8eU?t=10,Clid,1.0
2019.0,spring,LCK,2,,,DWG,SKT,http://matchhistory.euw.leagueoflegends.com/en/#match-details/ESPORTSTMNT02/992747?gameHash=50605e01b97fd8f9,https://youtu.be/_QuS8TFFMCw?t=181,https://youtu.be/_QuS8TFFMCw?t=661,https://youtu.be/_QuS8TFFMCw?t=2633,https://youtu.be/V8boCZdWgQA?t=10,Hoit,2.0
2019.0,spring,LCK,2,,,SKT,DWG,http://matchhistory.euw.leagueoflegends.com/en/#match-details/ESPORTSTMNT02/992751?gameHash=ca9f903efd6198e7,https://youtu.be/q8v7S6y4yss?t=147,https://youtu.be/q8v7S6y4yss?t=581,https://youtu.be/q8v7S6y4yss?t=2601,https://youtu.be/ilJxk7NW9Rg?t=10,Teddy,3.0
2019.0,spring,LCK,2,JAG,GEN,JAG,GEN,https://matchhistory.euw.leagueoflegends.com/en/#match-details/ESPORTSTMNT02/982686?gameHash=4d823bf65b6ba5b2,https://youtu.be/uGqiPvK85_U?t=646,https://youtu.be/uGqiPvK85_U?t=1095,https://youtu.be/uGqiPvK85_U?t=1095,https://youtu.be/ZWX40UWz6-s?t=10,Ruler,1.0
2019.0,spring,LCK,2,,,GEN,JAG,https://matchhistory.euw.leagueoflegends.com/en/#match-details/ESPORTSTMNT02/992771?gameHash=9eb23e118f1a4ae6,https://youtu.be/NoYsk7ojjAQ?t=137,https://youtu.be/NoYsk7ojjAQ?t=560,https://youtu.be/NoYsk7ojjAQ?t=2923,https://youtu.be/J9cQuWSywdk?t=10,Grace,2.0
2019.0,spring,LCK,2,,,JAG,GEN,https://matchhistory.euw.leagueoflegends.com/en/#match-details/ESPORTSTMNT02/992779?gameHash=fd3325d79f4d6c64,https://youtu.be/FVfdJZfH-aY?t=65,https://youtu.be/FVfdJZfH-aY?t=415,https://youtu.be/FVfdJZfH-aY?t=2290,https://youtu.be/ua66W2pMgHQ?t=10,Life,3.0
2019.0,spring,LCK,3,DWG,SB,DWG,SB,https://matchhistory.euw.leagueoflegends.com/en/#match-details/ESPORTSTMNT01/1050537?gameHash=406cdf5de15e941e&tab=overview,https://youtu.be/1UHtfPXX6ww?t=1231,https://youtu.be/1UHtfPXX6ww?t=1600,https://youtu.be/1UHtfPXX6ww?t=4073,https://www.youtube.com/watch?v=nT_4-Syuy3Y&t=10s,Summit,1.0
2019.0,spring,LCK,3,,,SB,DWG,https://matchhistory.euw.leagueoflegends.com/en/#match-details/ESPORTSTMNT01/1050551?gameHash=0323b087dd562424&tab=overview,https://youtu.be/L4G_XTJbVtk?t=155,https://youtu.be/L4G_XTJbVtk?t=578,https://youtu.be/L4G_XTJbVtk?t=1989,https://www.youtube.com/watch?v=Kk9lbRVYmRI&t=10s,Nuguri,2.0
2019.0,spring,LCK,3,,,DWG,SB,https://matchhistory.euw.leagueoflegends.com/en/#match-details/ESPORTSTMNT01/1060524?gameHash=930cd934c70c59a0&tab=overview,https://youtu.be/omEYxaIkNv0?t=92,https://youtu.be/omEYxaIkNv0?t=528,https://youtu.be/omEYxaIkNv0?t=5023,https://www.youtube.com/watch?v=wbngaIRCwJQ&t=10s,Ghost,3.0
2019.0,spring,LCK,3,AF,JAG,AF,JAG,https://matchhistory.euw.leagueoflegends.com/en/#match-details/ESPORTSTMNT01/1050569?gameHash=7f05bd577650c518&tab=overview,https://youtu.be/VrZ9t3eI9dA?t=931,https://youtu.be/VrZ9t3eI9dA?t=1337,https://youtu.be/VrZ9t3eI9dA?t=4772,https://www.youtube.com/watch?v=SoV_4FCLTm8&t=10s,Aiming,1.0
2019.0,spring,LCK,3,,,JAG,AF,https://matchhistory.euw.leagueoflegends.com/en/#match-details/ESPORTSTMNT01/1060564?gameHash=bf0d8bcb39197bee&tab=overview,https://youtu.be/K2WMgFlZzZM?t=110,https://youtu.be/K2WMgFlZzZM?t=549,https://youtu.be/K2WMgFlZzZM?t=1976,https://www.youtube.com/watch?v=Clq_0FWIalE&t=10s,Dread,2.0
2019.0,spring,LCK,3,GRF,SKT,GRF,SKT,https://matchhistory.euw.leagueoflegends.com/en/#match-details/ESPORTSTMNT01/1060844?gameHash=7407624a43e2c0f6&tab=overview,https://youtu.be/0YSBRPXqCyw?t=726,https://youtu.be/0YSBRPXqCyw?t=1230,https://youtu.be/0YSBRPXqCyw?t=3441,https://www.youtube.com/watch?v=Tj7IdcSuI10&t=10s,Sword,1.0
2019.0,spring,LCK,3,,,SKT,GRF,https://matchhistory.euw.leagueoflegends.com/en/#match-details/ESPORTSTMNT01/1060866?gameHash=988de53dd57764d3&tab=overview,https://youtu.be/zeJSdjuP3cg?t=55,https://youtu.be/zeJSdjuP3cg?t=575,https://youtu.be/zeJSdjuP3cg?t=2310,https://www.youtube.com/watch?v=VuOMzTgkJEI&t=10s,Lehends,2.0
2019.0,spring,LCK,3,GEN,KT,GEN,KT,https://matchhistory.euw.leagueoflegends.com/en/#match-details/ESPORTSTMNT01/1060870?gameHash=7b09f642d08924fa&tab=overview,https://youtu.be/VihDSVoP8gk?t=828,https://youtu.be/VihDSVoP8gk?t=1233,https://youtu.be/VihDSVoP8gk?t=4467,https://www.youtube.com/watch?v=SgOK6bnCQdM&t=10s,Zenit,1.0
2019.0,spring,LCK,3,,,KT,GEN,https://matchhistory.euw.leagueoflegends.com/en/#match-details/ESPORTSTMNT01/1060904?gameHash=514f0fb55c716b82&tab=overview,https://youtu.be/q_ozH-ytMIo?t=165,https://youtu.be/q_ozH-ytMIo?t=543,https://youtu.be/q_ozH-ytMIo?t=3470,https://www.youtube.com/watch?v=oAhnlq_z_us&t=10s,Ruler,2.0
2019.0,spring,LCK,3,,,GEN,KT,https://matchhistory.euw.leagueoflegends.com/en/#match-details/ESPORTSTMNT01/1060914?gameHash=54b5ab1329a3bd3f&tab=overview,https://www.youtube.com/watch?v=clqjk0whq00&t=8s,https://www.youtube.com/watch?v=clqjk0whq00&t=6m40s,https://youtu.be/clqjk0whq00?t=2573,https://www.youtube.com/watch?v=exASz6ZGCCs&t=10s,Ruler,3.0
2019.0,spring,LCK,3,KZ,DWG,KZ,DWG,http://matchhistory.euw.leagueoflegends.com/en/#match-details/ESPORTSTMNT01/1061090?gameHash=475a703f3626ae4c,https://www.youtube.com/watch?v=gq2BLmuJFqY,https://www.youtube.com/watch?v=gq2BLmuJFqY&t=6m35s,https://youtu.be/gq2BLmuJFqY?t=2994,https://www.youtube.com/watch?v=xw9OXfoEQnE&t=10s,Deft,1.0
2019.0,spring,LCK,3,,,DWG,KZ,http://matchhistory.euw.leagueoflegends.com/en/#match-details/ESPORTSTMNT01/1051172?gameHash=e70109ba63adec7b,https://www.youtube.com/watch?v=US0t60J1Ig8,https://www.youtube.com/watch?v=US0t60J1Ig8&t=7m26s,https://youtu.be/US0t60J1Ig8?t=2364,https://www.youtube.com/watch?v=1Pqlys62txQ&t=10s,Cuzz,2.0
2019.0,spring,LCK,3,JAG,HLE,JAG,HLE,http://matchhistory.euw.leagueoflegends.com/en/#match-details/ESPORTSTMNT01/1061175?gameHash=892c61f1ace74a4f,https://www.youtube.com/watch?v=IJWcdOFTuc4,https://www.youtube.com/watch?v=IJWcdOFTuc4&t=7m25s,https://youtu.be/IJWcdOFTuc4?t=2778,https://www.youtube.com/watch?v=pA_Kj-fXyCo&t=10s,Tempt,1.0
2019.0,spring,LCK,3,,,HLE,JAG,http://matchhistory.euw.leagueoflegends.com/en/#match-details/ESPORTSTMNT01/1061222?gameHash=79c09629af55a05a,https://www.youtube.com/watch?v=1J2_qXVwT-I,https://www.youtube.com/watch?v=1J2_qXVwT-I&t=8m45s,https://youtu.be/1J2_qXVwT-I?t=2374,https://www.youtube.com/watch?v=8esvgXtQk6o&t=10s,key,2.0
2019.0,spring,LCK,3,AF,KT,AF,KT,http://matchhistory.euw.leagueoflegends.com/en/#match-details/ESPORTSTMNT01/1051364?gameHash=622b036aff483692,https://www.youtube.com/watch?v=Ht71lzfbDs8,https://www.youtube.com/watch?v=Ht71lzfbDs8&t=7m30s,https://youtu.be/Ht71lzfbDs8?t=2617,https://www.youtube.com/watch?v=ELSCbu7Nhtg&t=10s,SnowFlower,1.0
2019.0,spring,LCK,3,,,KT,AF,http://matchhistory.euw.leagueoflegends.com/en/#match-details/ESPORTSTMNT01/1051373?gameHash=79beedeefac51c23,https://www.youtube.com/watch?v=8gu28j5rXLw,https://www.youtube.com/watch?v=8gu28j5rXLw&t=9m5s,https://youtu.be/8gu28j5rXLw?t=2318,https://www.youtube.com/watch?v=BOPM0yU-F_c&t=10s,Kingen,2.0
2019.0,spring,LCK,3,GRF,SB,GRF,SB,http://matchhistory.euw.leagueoflegends.com/en/#match-details/ESPORTSTMNT01/1051379?gameHash=c1d2fe43a51a3363,https://www.youtube.com/watch?v=VBGxVPsb_l8,https://www.youtube.com/watch?v=VBGxVPsb_l8&t=7m3s,https://youtu.be/VBGxVPsb_l8?t=2442,https://www.youtube.com/watch?v=z_r9yQaq0vc&t=10s,Chovy,1.0
2019.0,spring,LCK,3,,,SB,GRF,http://matchhistory.euw.leagueoflegends.com/en/#match-details/ESPORTSTMNT01/1051420?gameHash=e6ca251936249d8a,https://www.youtube.com/watch?v=Avil5-o1j20,https://www.youtube.com/watch?v=Avil5-o1j20&t=7m45s,https://youtu.be/Avil5-o1j20?t=2653,https://www.youtube.com/watch?v=6h8sr5P8HAA&t=10s,Ghost,2.0
2019.0,spring,LCK,3,,,GRF,SB,http://matchhistory.euw.leagueoflegends.com/en/#match-details/ESPORTSTMNT01/1051434?gameHash=54623a410cd89bbd,https://www.youtube.com/watch?v=45m5Jyl59xM,https://www.youtube.com/watch?v=45m5Jyl59xM&t=8m15s,https://youtu.be/45m5Jyl59xM?t=2547,https://www.youtube.com/watch?v=Lxlm1li8U1A&t=10s,Viper,3.0
2019.0,spring,LCK,3,KZ,GEN,KZ,GEN,http://matchhistory.euw.leagueoflegends.com/en/#match-details/ESPORTSTMNT01/1051679?gameHash=c3ebfbce374ef9b4,https://www.youtube.com/watch?v=x1NBA-bH6F8,https://www.youtube.com/watch?v=x1NBA-bH6F8&t=7m,https://youtu.be/x1NBA-bH6F8?t=2749,https://www.youtube.com/watch?v=rvSugoxKvYM&t=10s,Deft,1.0
2019.0,spring,LCK,3,,,GEN,KZ,http://matchhistory.euw.leagueoflegends.com/en/#match-details/ESPORTSTMNT01/1051686?gameHash=49445cd9504b323c,https://www.youtube.com/watch?v=QeEn2x1abGQ,https://www.youtube.com/watch?v=QeEn2x1abGQ&t=7m2s,https://youtu.be/QeEn2x1abGQ?t=2332,https://www.youtube.com/watch?v=Og_BLMEGULU&t=10s,Ruler,2.0
2019.0,spring,LCK,3,,,KZ,GEN,http://matchhistory.euw.leagueoflegends.com/en/#match-details/ESPORTSTMNT01/1051688?gameHash=ad055c3b75fc10aa,https://www.youtube.com/watch?v=DbklOyxbbl4,https://www.youtube.com/watch?v=DbklOyxbbl4&t=6m55s,https://youtu.be/DbklOyxbbl4?t=3012,https://www.youtube.com/watch?v=OJRU5ruAsD0&t=10s,TusiN,3.0
2019.0,spring,LCK,3,SKT,HLE,SKT,HLE,http://matchhistory.euw.leagueoflegends.com/en/#match-details/ESPORTSTMNT01/1051690?gameHash=ce0de75e732ab971,https://www.youtube.com/watch?v=8_Wt_wiqDN8,https://www.youtube.com/watch?v=8_Wt_wiqDN8&t=7m55s,https://youtu.be/8_Wt_wiqDN8?t=2232,https://www.youtube.com/watch?v=t-v6XO83pm0&t=10s,Clid,1.0
2019.0,spring,LCK,3,,,HLE,SKT,http://matchhistory.euw.leagueoflegends.com/en/#match-details/ESPORTSTMNT01/1051713?gameHash=8eeefffb716681f6,https://www.youtube.com/watch?v=_AEgj6EjsVE,https://www.youtube.com/watch?v=_AEgj6EjsVE&t=7m30s,https://youtu.be/_AEgj6EjsVE?t=2246,https://www.youtube.com/watch?v=6iVwvPuICh0&t=10s,Clid,2.0
2019.0,spring,LCK,4,HLE,GEN,HLE,GEN,https://matchhistory.euw.leagueoflegends.com/en/#match-details/ESPORTSTMNT02/1000694?gameHash=7ed9550dd683eca5&tab=overview,https://youtu.be/dYVIX8gJAZM?t=1421,https://youtu.be/dYVIX8gJAZM?t=1865,https://youtu.be/dYVIX8gJAZM?t=4028,https://www.youtube.com/watch?v=bd8ZnRHSbuI,Thal,1.0
2019.0,spring,LCK,4,,,GEN,HLE,https://matchhistory.euw.leagueoflegends.com/en/#match-details/ESPORTSTMNT02/1010765?gameHash=47a93b02939dd72c&tab=overview,https://youtu.be/Bnn4lSrvr-M?t=130,https://youtu.be/Bnn4lSrvr-M?t=573,https://youtu.be/Bnn4lSrvr-M?t=2457,https://www.youtube.com/watch?v=mEPcoQE9mUw,Tempt,2.0
2019.0,spring,LCK,4,SKT,KZ,SKT,KZ,https://matchhistory.euw.leagueoflegends.com/en/#match-details/ESPORTSTMNT02/1000735?gameHash=3c506857f93acff1&tab=overview,https://youtu.be/yBOgG5idnlM?t=671,https://youtu.be/yBOgG5idnlM?t=1114,https://youtu.be/yBOgG5idnlM?t=3288,https://www.youtube.com/watch?v=8S2u3XRHfl0,Deft,1.0
2019.0,spring,LCK,4,,,KZ,SKT,https://matchhistory.euw.leagueoflegends.com/en/#match-details/ESPORTSTMNT02/1010799?gameHash=385ff262b130fd60&tab=overview,https://youtu.be/ZX6mH-3h8Kw?t=84,https://youtu.be/ZX6mH-3h8Kw?t=581,https://youtu.be/ZX6mH-3h8Kw?t=3053,https://www.youtube.com/watch?v=3Wfhpc6KvD8,Teddy,2.0
2019.0,spring,LCK,4,,,SKT,KZ,https://matchhistory.euw.leagueoflegends.com/en/#match-details/ESPORTSTMNT02/1000799?gameHash=e5d621dd371513df&tab=overview,https://youtu.be/nw4SNUpPgyw?t=682,https://youtu.be/nw4SNUpPgyw?t=1128,https://youtu.be/nw4SNUpPgyw?t=3209,https://www.youtube.com/watch?v=Ci9RwqKz5eo,Khan,3.0
2019.0,spring,LCK,4,DWG,AF,DWG,AF,https://matchhistory.euw.leagueoflegends.com/en/#match-details/ESPORTSTMNT02/1011098?gameHash=ba41fdefd429a945&tab=overview,https://youtu.be/msrsP8ptkBk?t=681,https://youtu.be/msrsP8ptkBk?t=1064,https://youtu.be/msrsP8ptkBk?t=2786,https://www.youtube.com/watch?v=hSS3wYbjwB8,ShowMaker,1.0
2019.0,spring,LCK,4,,,AF,DWG,https://matchhistory.euw.leagueoflegends.com/en/#match-details/ESPORTSTMNT02/1001107?gameHash=2a73d9d3fb6d084d&tab=overview,https://youtu.be/1Is4mZ5xkJA?t=157,https://youtu.be/1Is4mZ5xkJA?t=575,https://youtu.be/1Is4mZ5xkJA?t=2360,https://www.youtube.com/watch?v=H1VAn3NyUgM,Punch,2.0
2019.0,spring,LCK,4,SB,JAG,SB,JAG,https://matchhistory.euw.leagueoflegends.com/en/#match-details/ESPORTSTMNT02/1001151?gameHash=0fe66a1b79a5ae67&tab=overview,https://youtu.be/JDAGLP0oA-w?t=1149,https://youtu.be/JDAGLP0oA-w?t=1624,https://youtu.be/JDAGLP0oA-w?t=3654,https://www.youtube.com/watch?v=K0I9HXWiJME,Summit,1.0
2019.0,spring,LCK,4,,,JAG,SB,https://matchhistory.euw.leagueoflegends.com/en/#match-details/ESPORTSTMNT02/1001169?gameHash=5cb93c9a00cec941&tab=overview,https://youtu.be/HG015INYmSQ?t=153,https://youtu.be/HG015INYmSQ?t=593,https://youtu.be/HG015INYmSQ?t=2578,https://www.youtube.com/watch?v=RqFHR4Mkhkc,Dove,2.0
2019.0,spring,LCK,4,GRF,KT,GRF,KT,https://matchhistory.euw.leagueoflegends.com/en/#match-details/ESPORTSTMNT02/1011492?gameHash=677c51e51d4cefe4&tab=overview,https://youtu.be/rXP_7dzirAg?t=791,https://youtu.be/rXP_7dzirAg?t=1267,https://youtu.be/rXP_7dzirAg?t=3449,https://www.youtube.com/watch?v=nUAm2uU7XUw,Chovy,1.0
2019.0,spring,LCK,4,,,KT,GRF,https://matchhistory.euw.leagueoflegends.com/en/#match-details/ESPORTSTMNT02/1001528?gameHash=e3b28b02451446c2&tab=overview,https://youtu.be/6DOsvbOVhQo?t=65,https://youtu.be/6DOsvbOVhQo?t=529,https://youtu.be/6DOsvbOVhQo?t=2111,https://www.youtube.com/watch?v=qrA-txSBmWU,Chovy,2.0
2019.0,spring,LCK,4,HLE,KZ,HLE,KZ,https://matchhistory.euw.leagueoflegends.com/en/#match-details/ESPORTSTMNT02/1001551?gameHash=87dd1e0991b6a4ae&tab=overview,https://youtu.be/waTgdmqn8_M?t=672,https://youtu.be/waTgdmqn8_M?t=1145,https://youtu.be/waTgdmqn8_M?t=3018,https://www.youtube.com/watch?v=sT15Y8EAmsI,Tempt,1.0
2019.0,spring,LCK,4,,,KZ,HLE,https://matchhistory.euw.leagueoflegends.com/en/#match-details/ESPORTSTMNT02/1001577?gameHash=c3d79fe9eff8c9ef&tab=overview,https://youtu.be/KL35E08cbXs?t=167,https://youtu.be/KL35E08cbXs?t=615,https://youtu.be/KL35E08cbXs?t=3069,https://www.youtube.com/watch?v=kSmZ5t3uJL4,Tempt,2.0
2019.0,spring,LCK,4,GEN,SKT,GEN,SKT,http://matchhistory.euw.leagueoflegends.com/en/#match-details/ESPORTSTMNT02/1011816?gameHash=7e0d8ba38e13c625,https://www.youtube.com/watch?v=A_VYeWrRbrc,https://www.youtube.com/watch?v=A_VYeWrRbrc&t=7m5s,https://youtu.be/A_VYeWrRbrc?t=2603,https://www.youtube.com/watch?v=7CPiNYYLnxs&t=10s,Fly,1.0
2019.0,spring,LCK,4,,,SKT,GEN,http://matchhistory.euw.leagueoflegends.com/en/#match-details/ESPORTSTMNT02/1011915?gameHash=4e99854657001dc4,https://www.youtube.com/watch?v=a4v2tlu_gq0,https://www.youtube.com/watch?v=a4v2tlu_gq0&t=7m53s,https://youtu.be/a4v2tlu_gq0?t=2352,https://www.youtube.com/watch?v=Y1Xdnqwoe_g&t=10s,Faker,2.0
2019.0,spring,LCK,4,,,GEN,SKT,http://matchhistory.euw.leagueoflegends.com/en/#match-details/ESPORTSTMNT02/1011933?gameHash=cae77004bb1deae8,https://www.youtube.com/watch?v=gyLnmR4vnJg,https://www.youtube.com/watch?v=gyLnmR4vnJg&t=7m55s,https://youtu.be/gyLnmR4vnJg?t=2706,https://www.youtube.com/watch?v=1RZrPpVGsQY&t=10s,Faker,3.0
2019.0,spring,LCK,4,JAG,DWG,JAG,DWG,http://matchhistory.euw.leagueoflegends.com/en/#match-details/ESPORTSTMNT02/1011955?gameHash=9b6d64f4a034c95d,https://www.youtube.com/watch?v=rFe1p9nlBhg,https://www.youtube.com/watch?v=rFe1p9nlBhg&t=7m32s,https://youtu.be/rFe1p9nlBhg?t=2882,https://www.youtube.com/watch?v=dyMtG73C-cw&t=10s,ShowMaker,1.0
2019.0,spring,LCK,4,,,DWG,JAG,http://matchhistory.euw.leagueoflegends.com/en/#match-details/ESPORTSTMNT02/1012004?gameHash=3cd37d494aa86ec4,https://www.youtube.com/watch?v=Ssj8bjMyGss,https://www.youtube.com/watch?v=Ssj8bjMyGss&t=8m15s,https://youtu.be/Ssj8bjMyGss?t=2328,https://www.youtube.com/watch?v=XddIKw0guZw&t=10s,Punch,2.0
2019.0,spring,LCK,4,GRF,AF,GRF,AF,http://matchhistory.euw.leagueoflegends.com/en/#match-details/ESPORTSTMNT02/1002163?gameHash=b2924832ff9c1f91,https://www.youtube.com/watch?v=2VWGCj0l7c8,https://www.youtube.com/watch?v=2VWGCj0l7c8&t=6m50s,https://youtu.be/2VWGCj0l7c8?t=2232,https://www.youtube.com/watch?v=4NcHyxKkwNs&t=10s,Chovy,1.0
2019.0,spring,LCK,4,,,AF,GRF,http://matchhistory.euw.leagueoflegends.com/en/#match-details/ESPORTSTMNT02/1002220?gameHash=c318cc38e96ea789,https://www.youtube.com/watch?v=-9Hbtt2FOz0,https://www.youtube.com/watch?v=-9Hbtt2FOz0&t=7m3s,https://youtu.be/-9Hbtt2FOz0?t=2274,https://www.youtube.com/watch?v=76VTu-RDq0k&t=10s,Chovy,2.0
2019.0,spring,LCK,4,SB,KT,SB,KT,http://matchhistory.euw.leagueoflegends.com/en/#match-details/ESPORTSTMNT02/1002221?gameHash=23fe6fc272504000,https://www.youtube.com/watch?v=6rrkjncy-mY,https://www.youtube.com/watch?v=6rrkjncy-mY&t=8m3s,https://youtu.be/6rrkjncy-mY?t=2379,https://www.youtube.com/watch?v=BUBBiMCNpzg&t=10s,Ghost,1.0
2019.0,spring,LCK,4,,,KT,SB,http://matchhistory.euw.leagueoflegends.com/en/#match-details/ESPORTSTMNT02/1012323?gameHash=69812615dc056a49,https://www.youtube.com/watch?v=MQbLJ4g06dg,https://www.youtube.com/watch?v=MQbLJ4g06dg&t=8m4s,https://youtu.be/MQbLJ4g06dg?t=2748,https://www.youtube.com/watch?v=AddY3H-wBbs&t=10s,SnowFlower,2.0
2019.0,spring,LCK,4,,,SB,KT,http://matchhistory.euw.leagueoflegends.com/en/#match-details/ESPORTSTMNT02/1002267?gameHash=120773ecee3eaae5,https://www.youtube.com/watch?v=3470erpjVpI,https://www.youtube.com/watch?v=3470erpjVpI&t=7m55s,https://youtu.be/3470erpjVpI?t=2650,https://www.youtube.com/watch?v=FE9Orh1gWZQ&t=10s,Ghost,3.0
2019.0,spring,LCK,5,GEN,GRF,GEN,GRF,https://matchhistory.euw.leagueoflegends.com/en/#match-details/ESPORTSTMNT02/1003080?gameHash=a6ea34e701794489&tab=overview,https://youtu.be/EfI4RP3NDCU?t=1483,https://youtu.be/EfI4RP3NDCU?t=2128,https://youtu.be/EfI4RP3NDCU?t=3982,https://www.youtube.com/watch?v=8K1849Mbu7w,Chovy,1.0
2019.0,spring,LCK,5,,,GRF,GEN,https://matchhistory.euw.leagueoflegends.com/en/#match-details/ESPORTSTMNT02/1013217?gameHash=50ca7972dbf3963f&tab=overview,https://youtu.be/PM8CBqX5aVA?t=56,https://youtu.be/PM8CBqX5aVA?t=488,https://youtu.be/PM8CBqX5aVA?t=2129,https://www.youtube.com/watch?v=D52n7mtSfio,Sword,2.0
2019.0,spring,LCK,5,KT,SKT,KT,SKT,https://matchhistory.euw.leagueoflegends.com/en/#match-details/ESPORTSTMNT02/1013228?gameHash=d8b113d6a6aed4a7&tab=overview,https://youtu.be/fPHIOyrvxV8?t=658,https://youtu.be/fPHIOyrvxV8?t=1097,https://youtu.be/fPHIOyrvxV8?t=4137,https://www.youtube.com/watch?v=W9yJN0KneoM,Clid,1.0
2019.0,spring,LCK,5,,,SKT,KT,https://matchhistory.euw.leagueoflegends.com/en/#match-details/ESPORTSTMNT02/1013262?gameHash=d4efeaed1ce3a194&tab=overview,https://youtu.be/o5SToS1nooE?t=90,https://youtu.be/o5SToS1nooE?t=529,https://youtu.be/o5SToS1nooE?t=2355,https://www.youtube.com/watch?v=1t2M7yxVUqQ,Faker,2.0
2019.0,spring,LCK,5,JAG,KZ,JAG,KZ,https://matchhistory.euw.leagueoflegends.com/en/#match-details/ESPORTSTMNT02/1013631?gameHash=161aba3b2ffca2c7&tab=overview,https://youtu.be/6T6n-ae9AVc?t=735,https://youtu.be/6T6n-ae9AVc?t=1213,https://youtu.be/6T6n-ae9AVc?t=3013,https://www.youtube.com/watch?v=sn4G_VJ3LEU,Deft,1.0
2019.0,spring,LCK,5,,,KZ,JAG,https://matchhistory.euw.leagueoflegends.com/en/#match-details/ESPORTSTMNT02/1013656?gameHash=9a5a8c31ecade816&tab=overview,https://youtu.be/Gop34Mdi5fI?t=143,https://youtu.be/Gop34Mdi5fI?t=621,https://youtu.be/Gop34Mdi5fI?t=2104,https://www.youtube.com/watch?v=C0UOKE4974U,Deft,2.0
2019.0,spring,LCK,5,AF,SB,AF,SB,https://matchhistory.euw.leagueoflegends.com/en/#match-details/ESPORTSTMNT02/1013660?gameHash=927406b6847a1100&tab=overview,https://youtu.be/jPga6lvc60Q?t=649,https://youtu.be/jPga6lvc60Q?t=1028,https://youtu.be/jPga6lvc60Q?t=3009,https://www.youtube.com/watch?v=OANLdPLD5DQ,Summit,1.0
2019.0,spring,LCK,5,,,SB,AF,https://matchhistory.euw.leagueoflegends.com/en/#match-details/ESPORTSTMNT02/1013702?gameHash=77154cd4a1f76a60&tab=overview,https://youtu.be/URLsYX7gRHo?t=27,https://youtu.be/URLsYX7gRHo?t=463,https://youtu.be/URLsYX7gRHo?t=2973,https://www.youtube.com/watch?v=nR7I2Bkf8rk,Kiin,2.0
2019.0,spring,LCK,5,,,AF,SB,https://matchhistory.euw.leagueoflegends.com/en/#match-details/ESPORTSTMNT02/1013732?gameHash=01382d584df69c02&tab=overview,https://youtu.be/P_4-1OPNmbs?t=53,https://youtu.be/P_4-1OPNmbs?t=497,https://youtu.be/P_4-1OPNmbs?t=2240,https://www.youtube.com/watch?v=XEUxWFUki3c,Aiming,3.0
2019.0,spring,LCK,5,HLE,DWG,HLE,DWG,https://matchhistory.euw.leagueoflegends.com/en/#match-details/ESPORTSTMNT02/1014089?gameHash=b09c23357aa35817&tab=overview,https://youtu.be/xcxWC5imQ5Q?t=681,https://youtu.be/xcxWC5imQ5Q?t=1156,https://youtu.be/xcxWC5imQ5Q?t=3425,https://www.youtube.com/watch?v=yKJaNg8w3dc,ShowMaker,1.0
2019.0,spring,LCK,5,,,DWG,HLE,https://matchhistory.euw.leagueoflegends.com/en/#match-details/ESPORTSTMNT02/1014171?gameHash=29bc2b50dafce4ab&tab=overview,https://youtu.be/DV92b7mReew?t=36,https://youtu.be/DV92b7mReew?t=442,https://youtu.be/DV92b7mReew?t=1766,https://www.youtube.com/watch?v=YUFG3SXSgwI,Punch,2.0
2019.0,spring,LCK,5,KT,GRF,KT,GRF,https://matchhistory.euw.leagueoflegends.com/en/#match-details/ESPORTSTMNT02/1014180?gameHash=0e741afcac9e354c&tab=overview,https://youtu.be/XT4RWMZN0Rk?t=1035,https://youtu.be/XT4RWMZN0Rk?t=1459,https://youtu.be/XT4RWMZN0Rk?t=3032,https://www.youtube.com/watch?v=UieT8_rnz08,Viper,1.0
2019.0,spring,LCK,5,,,GRF,KT,https://matchhistory.euw.leagueoflegends.com/en/#match-details/ESPORTSTMNT02/1014229?gameHash=50e08703117d9281&tab=overview,https://youtu.be/8SRGpRms-bE?t=41,https://youtu.be/8SRGpRms-bE?t=480,https://youtu.be/8SRGpRms-bE?t=2384,https://www.youtube.com/watch?v=csxHe2XHnBo,Tarzan,2.0
2019.0,spring,LCK,5,SB,KZ,SB,KZ,https://matchhistory.euw.leagueoflegends.com/en/#match-details/ESPORTSTMNT02/1014480?gameHash=f41443a2036e2d13&tab=overview,https://youtu.be/IaMuhJLJuTY?t=688,https://youtu.be/IaMuhJLJuTY?t=1108,https://youtu.be/IaMuhJLJuTY?t=4142,https://www.youtube.com/watch?v=WD4qzjguHJI,Deft,1.0
2019.0,spring,LCK,5,,,KZ,SB,https://matchhistory.euw.leagueoflegends.com/en/#match-details/ESPORTSTMNT02/1004472?gameHash=b88ac03378672761&tab=overview,https://youtu.be/qMlt71FlPxA?t=31,https://youtu.be/qMlt71FlPxA?t=373,https://youtu.be/qMlt71FlPxA?t=2102,https://www.youtube.com/watch?v=zL0_yw9fp_Y,Deft,2.0
2019.0,spring,LCK,5,GEN,JAG,GEN,JAG,https://matchhistory.euw.leagueoflegends.com/en/#match-details/ESPORTSTMNT02/1014556?gameHash=86e14ee519b4eb4b&tab=overview,https://youtu.be/XatKXxmo6Xk?t=683,https://youtu.be/XatKXxmo6Xk?t=1089,https://youtu.be/XatKXxmo6Xk?t=2776,https://www.youtube.com/watch?v=K7t2oayONkQ,Ruler,1.0
2019.0,spring,LCK,5,,,JAG,GEN,https://matchhistory.euw.leagueoflegends.com/en/#match-details/ESPORTSTMNT02/1004510?gameHash=650425a6e3b592f1&tab=overview,https://youtu.be/LEcsVzI1mrs?t=214,https://youtu.be/LEcsVzI1mrs?t=660,https://youtu.be/LEcsVzI1mrs?t=2447,https://www.youtube.com/watch?v=GrOYsEo70Uo,Roach,2.0
2019.0,spring,LCK,5,DWG,SKT,DWG,SKT,https://matchhistory.euw.leagueoflegends.com/en/#match-details/ESPORTSTMNT02/1014903?gameHash=3b38ff29a3514b9e&tab=overview,https://youtu.be/xdVnKaf4fn0?t=634,https://youtu.be/xdVnKaf4fn0?t=1123,https://youtu.be/xdVnKaf4fn0?t=3820,https://www.youtube.com/watch?v=y8NtX4E4vFs&t=10s,Faker,1.0
2019.0,spring,LCK,5,,,SKT,DWG,https://matchhistory.euw.leagueoflegends.com/en/#match-details/ESPORTSTMNT02/1004826?gameHash=db96d4283261a713&tab=overview,https://youtu.be/5WXEmMFACkY?t=89,https://youtu.be/5WXEmMFACkY?t=577,https://youtu.be/5WXEmMFACkY?t=3271,https://www.youtube.com/watch?v=K64oWYIUW-4&t=10s,ShowMaker,2.0
2019.0,spring,LCK,5,,,DWG,SKT,https://matchhistory.euw.leagueoflegends.com/en/#match-details/ESPORTSTMNT02/1004838?gameHash=ca864e775f0782ea&tab=overview,https://youtu.be/r8Pm1NpJ1Lc?t=71,https://youtu.be/r8Pm1NpJ1Lc?t=518,https://youtu.be/r8Pm1NpJ1Lc?t=2616,https://www.youtube.com/watch?v=lNZXQRbTVmc&t=10s,Flame,3.0
2019.0,spring,LCK,5,HLE,AF,HLE,AF,https://matchhistory.euw.leagueoflegends.com/en/#match-details/ESPORTSTMNT02/1014978?gameHash=7b9c2d79e9232537&tab=overview,https://youtu.be/_r6y5wPMzXU?t=634,https://youtu.be/_r6y5wPMzXU?t=1072,https://youtu.be/_r6y5wPMzXU?t=3525,https://www.youtube.com/watch?v=jYR2EPB3UQ4&t=10s,Kiin,1.0
2019.0,spring,LCK,5,,,AF,HLE,https://matchhistory.euw.leagueoflegends.com/en/#match-details/ESPORTSTMNT02/1004897?gameHash=f6d5c2a6301f4005&tab=overview,https://youtu.be/MFI2ZGvBPNU?t=71,https://youtu.be/MFI2ZGvBPNU?t=547,https://youtu.be/MFI2ZGvBPNU?t=2952,https://www.youtube.com/watch?v=5tu6Eam3ddo&t=10s,Tempt,2.0
2019.0,spring,LCK,5,,,HLE,AF,https://matchhistory.euw.leagueoflegends.com/en/#match-details/ESPORTSTMNT02/1004915?gameHash=fee953882ea5400a&tab=overview,https://youtu.be/MRPF3Nxz2L8?t=89,https://youtu.be/MRPF3Nxz2L8?t=498,https://youtu.be/MRPF3Nxz2L8?t=2664,https://www.youtube.com/watch?v=ktffay4gG8o&t=10s,Tempt,3.0
2019.0,spring,LCK,6,SB,AF,SB,AF,https://matchhistory.euw.leagueoflegends.com/en/#match-details/ESPORTSTMNT03/1020876?gameHash=659432ddd4006bdf&tab=overview,https://youtu.be/ICvpYBNONIk?t=1386,https://youtu.be/ICvpYBNONIk?t=1809,https://youtu.be/ICvpYBNONIk?t=4530,https://www.youtube.com/watch?v=DAt5cUa5JdA,Summit,1.0
2019.0,spring,LCK,6,,,AF,SB,https://matchhistory.euw.leagueoflegends.com/en/#match-details/ESPORTSTMNT03/1030844?gameHash=f75ab0ca86331e24&tab=overview,https://youtu.be/8EkPsVwtT2s?t=39,https://youtu.be/8EkPsVwtT2s?t=407,https://youtu.be/8EkPsVwtT2s?t=2666,https://www.youtube.com/watch?v=SQ0A6d42-U8,OnFleek,2.0
2019.0,spring,LCK,6,DWG,JAG,DWG,JAG,http://matchhistory.na.leagueoflegends.com/en/#match-details/ESPORTSTMNT03/1020896?gameHash=db9140531026f622,https://youtu.be/saCzxmhyWb0?t=718,https://youtu.be/saCzxmhyWb0?t=1158,https://youtu.be/saCzxmhyWb0?t=2803,https://www.youtube.com/watch?v=7xLjnTFCytQ,Hoit,1.0
2019.0,spring,LCK,6,,,JAG,DWG,http://matchhistory.na.leagueoflegends.com/en/#match-details/ESPORTSTMNT03/1030876?gameHash=46e06e489552b3b8,https://youtu.be/FqjumTsV6RE?t=288,https://youtu.be/FqjumTsV6RE?t=731,https://youtu.be/FqjumTsV6RE?t=2517,https://www.youtube.com/watch?v=_cdZ1ib72iU,Flame,2.0
2019.0,spring,LCK,6,KZ,HLE,KZ,HLE,http://matchhistory.na.leagueoflegends.com/en/#match-details/ESPORTSTMNT03/1031095?gameHash=f676c047b18dbba8,https://youtu.be/SwFXt-AfJm8?t=703,https://youtu.be/SwFXt-AfJm8?t=1174,https://youtu.be/SwFXt-AfJm8?t=3019,https://www.youtube.com/watch?v=KGxG01BTjvY,Deft,1.0
2019.0,spring,LCK,6,,,HLE,KZ,http://matchhistory.na.leagueoflegends.com/en/#match-details/ESPORTSTMNT03/1031112?gameHash=8a2b2691cfc2b9d6,https://youtu.be/Ad3L15eXviw?t=160,https://youtu.be/Ad3L15eXviw?t=604,https://youtu.be/Ad3L15eXviw?t=2786,https://www.youtube.com/watch?v=vyImhbGWQHY,TusiN,2.0
2019.0,spring,LCK,6,SKT,GEN,SKT,GEN,http://matchhistory.na.leagueoflegends.com/en/#match-details/ESPORTSTMNT03/1031118?gameHash=9d57d69cf1fd4921,https://youtu.be/ayr8ih8F-gI?t=963,https://youtu.be/ayr8ih8F-gI?t=1375,https://youtu.be/ayr8ih8F-gI?t=3118,https://www.youtube.com/watch?v=kqctuzeuDZY,Khan,1.0
2019.0,spring,LCK,6,,,GEN,SKT,http://matchhistory.na.leagueoflegends.com/en/#match-details/ESPORTSTMNT03/1031154?gameHash=7025d1d383a1697c,https://youtu.be/pYbdW31qGsM?t=63,https://youtu.be/pYbdW31qGsM?t=578,https://youtu.be/pYbdW31qGsM?t=2625,https://www.youtube.com/watch?v=aAMNW1DGDR8,Mata,2.0
2019.0,spring,LCK,6,AF,DWG,AF,DWG,http://matchhistory.na.leagueoflegends.com/en/#match-details/ESPORTSTMNT03/1021352?gameHash=261140744e9f4fe2,https://youtu.be/SiJ99ndkwQQ?t=688,https://youtu.be/SiJ99ndkwQQ?t=1071,https://youtu.be/SiJ99ndkwQQ?t=3410,https://www.youtube.com/watch?v=aQ--GEoUDdY,Dread,1.0
2019.0,spring,LCK,6,,,DWG,AF,http://matchhistory.na.leagueoflegends.com/en/#match-details/ESPORTSTMNT03/1031342?gameHash=8b683f5f1f19cda6,https://youtu.be/femOi3uFwQQ?t=67,https://youtu.be/femOi3uFwQQ?t=474,https://youtu.be/femOi3uFwQQ?t=2199,https://www.youtube.com/watch?v=SkJuc7qnQcc,ShowMaker,2.0
2019.0,spring,LCK,6,,,AF,DWG,http://matchhistory.na.leagueoflegends.com/en/#match-details/ESPORTSTMNT03/1031350?gameHash=fb9ca6187e6c3e05,https://youtu.be/XS1gVclcJVg?t=39,https://youtu.be/XS1gVclcJVg?t=479,https://youtu.be/XS1gVclcJVg?t=2195,https://www.youtube.com/watch?v=MV_som5RQH0,Nuclear,3.0
2019.0,spring,LCK,6,JAG,SB,JAG,SB,http://matchhistory.na.leagueoflegends.com/en/#match-details/ESPORTSTMNT03/1021430?gameHash=3b07df0b921e2bbc,https://youtu.be/kUGwMa_oAcY?t=683,https://youtu.be/kUGwMa_oAcY?t=1183,https://youtu.be/kUGwMa_oAcY?t=3253,https://www.youtube.com/watch?v=_UwGVL7pzXw,Summit,1.0
2019.0,spring,LCK,6,,,SB,JAG,http://matchhistory.na.leagueoflegends.com/en/#match-details/ESPORTSTMNT03/1031391?gameHash=319646941ffbb143,https://youtu.be/F-66-dCUihE?t=229,https://youtu.be/F-66-dCUihE?t=701,https://youtu.be/F-66-dCUihE?t=2773,https://www.youtube.com/watch?v=1j7CKcN2aPM,Dove,2.0
2019.0,spring,LCK,6,GEN,HLE,GEN,HLE,http://matchhistory.na.leagueoflegends.com/en/#match-details/ESPORTSTMNT03/1021668?gameHash=b611b6d46eb5dd56,https://youtu.be/DjsV5LGTpJI?t=733,https://youtu.be/DjsV5LGTpJI?t=1186,https://youtu.be/DjsV5LGTpJI?t=2968,https://www.youtube.com/watch?v=mUaWI82MsHc,Roach,1.0
2019.0,spring,LCK,6,,,HLE,GEN,http://matchhistory.na.leagueoflegends.com/en/#match-details/ESPORTSTMNT03/1031584?gameHash=0f4c473c3ba998c7,https://youtu.be/0HhARGp5CXc?t=61,https://youtu.be/0HhARGp5CXc?t=536,https://youtu.be/0HhARGp5CXc?t=2549,https://www.youtube.com/watch?v=bRhpVTROn0w,bonO,2.0
2019.0,spring,LCK,6,,,GEN,HLE,http://matchhistory.na.leagueoflegends.com/en/#match-details/ESPORTSTMNT03/1031589?gameHash=66d533b0206f92e1,https://youtu.be/GMT4cAlc7C8?t=197,https://youtu.be/GMT4cAlc7C8?t=700,https://youtu.be/GMT4cAlc7C8?t=2324,https://www.youtube.com/watch?v=1sAZRoDuntg,Lava,3.0
2019.0,spring,LCK,6,KZ,SKT,KZ,SKT,http://matchhistory.na.leagueoflegends.com/en/#match-details/ESPORTSTMNT03/1021695?gameHash=03df5bdbbd6db09e,https://youtu.be/wxglJBbTmDA?t=748,https://youtu.be/wxglJBbTmDA?t=1165,https://youtu.be/wxglJBbTmDA?t=3350,https://www.youtube.com/watch?v=sowhq4_vKuI,Khan,1.0
2019.0,spring,LCK,6,,,SKT,KZ,http://matchhistory.na.leagueoflegends.com/en/#match-details/ESPORTSTMNT03/1031640?gameHash=9c98e56329175589,https://youtu.be/z-OdrWX88mc?t=107,https://youtu.be/z-OdrWX88mc?t=544,https://youtu.be/z-OdrWX88mc?t=2170,https://www.youtube.com/watch?v=axJkbX2lJkY,Clid,2.0
2019.0,spring,LCK,7,SB,DWG,SB,DWG,http://matchhistory.na.leagueoflegends.com/en/#match-details/ESPORTSTMNT03/1032849?gameHash=0e0dae476c2fcf5a,https://youtu.be/3qi8BhLVorw?t=1206,https://youtu.be/3qi8BhLVorw?t=1626,https://youtu.be/3qi8BhLVorw?t=3495,https://www.youtube.com/watch?v=ops4XvW2V54,Joker,1.0
2019.0,spring,LCK,7,,,DWG,SB,http://matchhistory.na.leagueoflegends.com/en/#match-details/ESPORTSTMNT03/1022932?gameHash=9d9222390d06b601,https://youtu.be/IdiNMxCKFCM?t=120,https://youtu.be/IdiNMxCKFCM?t=593,https://youtu.be/IdiNMxCKFCM?t=3056,https://www.youtube.com/watch?v=MCanZ8rPFA4,Nuguri,2.0
2019.0,spring,LCK,7,,,SB,DWG,http://matchhistory.na.leagueoflegends.com/en/#match-details/ESPORTSTMNT03/1022943?gameHash=f096ae54986a0258,https://youtu.be/U1_paLYhzek?t=58,https://youtu.be/U1_paLYhzek?t=522,https://youtu.be/U1_paLYhzek?t=2745,https://www.youtube.com/watch?v=pgnIj7rR75E,OnFleek,3.0
2019.0,spring,LCK,7,JAG,AF,JAG,AF,http://matchhistory.na.leagueoflegends.com/en/#match-details/ESPORTSTMNT03/1032916?gameHash=321ef01845a14cb4,https://youtu.be/cPcD1KQagf0?t=682,https://youtu.be/cPcD1KQagf0?t=1079,https://youtu.be/cPcD1KQagf0?t=2910,https://www.youtube.com/watch?v=9S3-8gt90aU,Route,1.0
2019.0,spring,LCK,7,,,AF,JAG,http://matchhistory.na.leagueoflegends.com/en/#match-details/ESPORTSTMNT03/1022996?gameHash=3e5f7cd1a2b05d9b,https://youtu.be/SmrI7h8vyUE?t=66,https://youtu.be/SmrI7h8vyUE?t=543,https://youtu.be/SmrI7h8vyUE?t=2739,https://www.youtube.com/watch?v=cOu9c6qqrN0,Aiming,2.0
2019.0,spring,LCK,7,,,JAG,AF,http://matchhistory.na.leagueoflegends.com/en/#match-details/ESPORTSTMNT03/1023006?gameHash=f7f2cb7f54048850,https://youtu.be/81-xWPAzEMk?t=52,https://youtu.be/81-xWPAzEMk?t=469,https://youtu.be/81-xWPAzEMk?t=2393,https://www.youtube.com/watch?v=2U99gw2KAkg,Grace,3.0
2019.0,spring,LCK,7,SKT,GRF,SKT,GRF,http://matchhistory.na.leagueoflegends.com/en/#match-details/ESPORTSTMNT03/1033333?gameHash=9815eb6a59b3f082,https://youtu.be/37c_1Jo7Pco?t=773,https://youtu.be/37c_1Jo7Pco?t=1272,https://youtu.be/37c_1Jo7Pco?t=3641,https://www.youtube.com/watch?v=39cvNdvyJQ0,Teddy,1.0
2019.0,spring,LCK,7,,,GRF,SKT,http://matchhistory.na.leagueoflegends.com/en/#match-details/ESPORTSTMNT03/1023345?gameHash=df5cbee4af641c47,https://youtu.be/5h7Oyz79AI4?t=94,https://youtu.be/5h7Oyz79AI4?t=555,https://youtu.be/5h7Oyz79AI4?t=3123,https://www.youtube.com/watch?v=iWRnyvCn0QU,Tarzan,2.0
2019.0,spring,LCK,7,,,SKT,GRF,http://matchhistory.na.leagueoflegends.com/en/#match-details/ESPORTSTMNT03/1023353?gameHash=835f7a9780a193a9,https://youtu.be/5Dzyd2XbvUA?t=62,https://youtu.be/5Dzyd2XbvUA?t=554,https://youtu.be/5Dzyd2XbvUA?t=2603,http://matchhistory.na.leagueoflegends.com/en/#match-details/ESPORTSTMNT03/1023353?gameHash=835f7a9780a193a9,Tarzan,3.0
2019.0,spring,LCK,7,KT,GEN,KT,GEN,http://matchhistory.na.leagueoflegends.com/en/#match-details/ESPORTSTMNT03/1033408?gameHash=0e021597c48c05a4,https://youtu.be/SAs1Dki3s3U?t=747,https://youtu.be/SAs1Dki3s3U?t=1169,https://youtu.be/SAs1Dki3s3U?t=3463,https://www.youtube.com/watch?v=iu1h8APPSes,CuVee,1.0
2019.0,spring,LCK,7,,,GEN,KT,http://matchhistory.na.leagueoflegends.com/en/#match-details/ESPORTSTMNT03/1023398?gameHash=2ac15db6b88a0760,https://youtu.be/tWdZatw-IbM?t=73,https://youtu.be/tWdZatw-IbM?t=487,https://youtu.be/tWdZatw-IbM?t=2695,https://www.youtube.com/watch?v=r90MTCPcwPM,Smeb,2.0
2019.0,spring,LCK,7,,,KT,GEN,http://matchhistory.na.leagueoflegends.com/en/#match-details/ESPORTSTMNT03/1023406?gameHash=f15ee246696f97bc,https://youtu.be/xb-qxuOiOYE?t=120,https://youtu.be/xb-qxuOiOYE?t=514,https://youtu.be/xb-qxuOiOYE?t=2321,https://www.youtube.com/watch?v=js2EQhFRATQ,Score,3.0
2019.0,spring,LCK,7,HLE,JAG,HLE,JAG,http://matchhistory.na.leagueoflegends.com/en/#match-details/ESPORTSTMNT03/1023628?gameHash=300736d3a2a41ff9,https://youtu.be/WC_ocCF2Mis?t=692,https://youtu.be/WC_ocCF2Mis?t=1234,https://youtu.be/WC_ocCF2Mis?t=3487,https://www.youtube.com/watch?v=dBQEDuJmDlw,Thal,1.0
2019.0,spring,LCK,7,,,JAG,HLE,http://matchhistory.na.leagueoflegends.com/en/#match-details/ESPORTSTMNT03/1033738?gameHash=c29590ff27a04acf,https://youtu.be/cOH-MvSmL5M?t=78,https://youtu.be/cOH-MvSmL5M?t=590,https://youtu.be/cOH-MvSmL5M?t=2652,https://www.youtube.com/watch?v=WBWmMIZkKAI,Sangyoon,2.0
2019.0,spring,LCK,7,DWG,KZ,DWG,KZ,http://matchhistory.na.leagueoflegends.com/en/#match-details/ESPORTSTMNT03/1023719?gameHash=28d8c4800ded31d6,https://youtu.be/kudzMwk2jYE?t=871,https://youtu.be/kudzMwk2jYE?t=1249,https://youtu.be/kudzMwk2jYE?t=3247,https://www.youtube.com/watch?v=3Fj8dbmkZQs,Cuzz,1.0
2019.0,spring,LCK,7,,,KZ,DWG,http://matchhistory.na.leagueoflegends.com/en/#match-details/ESPORTSTMNT03/1033795?gameHash=ba012fe0471a8ab7,https://youtu.be/7EL8VOMofW0?t=129,https://youtu.be/7EL8VOMofW0?t=585,https://youtu.be/7EL8VOMofW0?t=2186,https://www.youtube.com/watch?v=c1wDBs65_Ek,Cuzz,2.0
2019.0,spring,LCK,7,KT,AF,KT,AF,http://matchhistory.na.leagueoflegends.com/en/#match-details/ESPORTSTMNT03/1024004?gameHash=4aa0f77ccf859128,https://youtu.be/LStGQ8cmOK8?t=816,https://youtu.be/LStGQ8cmOK8?t=1227,https://youtu.be/LStGQ8cmOK8?t=2937,https://www.youtube.com/watch?v=pflOLtN_eZc,Aiming,1.0
2019.0,spring,LCK,7,,,AF,KT,http://matchhistory.na.leagueoflegends.com/en/#match-details/ESPORTSTMNT03/1024040?gameHash=31a2a3e463177194,https://youtu.be/5V2UG6iT09w?t=42,https://youtu.be/5V2UG6iT09w?t=436,https://youtu.be/5V2UG6iT09w?t=2328,https://www.youtube.com/watch?v=Vb2muF0EVQ8,SSUN,2.0
2019.0,spring,LCK,7,SB,GRF,SB,GRF,http://matchhistory.na.leagueoflegends.com/en/#match-details/ESPORTSTMNT03/1024054?gameHash=033c95e4b9e9599e,https://youtu.be/fG2peE7nrNw?t=667,https://youtu.be/fG2peE7nrNw?t=1138,https://youtu.be/fG2peE7nrNw?t=3594,https://www.youtube.com/watch?v=RQQUjfKxC14,Chovy,1.0
2019.0,spring,LCK,7,,,GRF,SB,http://matchhistory.na.leagueoflegends.com/en/#match-details/ESPORTSTMNT03/1024117?gameHash=046d97c735212767,https://youtu.be/ptAhy0tRh8w?t=63,https://youtu.be/ptAhy0tRh8w?t=489,https://youtu.be/ptAhy0tRh8w?t=2469,https://www.youtube.com/watch?v=ZCmG5J96ZhA,Sword,2.0
2019.0,spring,LCK,8,GRF,GEN,GRF,GEN,http://matchhistory.na.leagueoflegends.com/en/#match-details/ESPORTSTMNT01/1070786?gameHash=f2f98af718695acf,https://youtu.be/yiuXo8GhT-M?t=1479,https://youtu.be/yiuXo8GhT-M?t=1878,https://youtu.be/yiuXo8GhT-M?t=4252,https://www.youtube.com/watch?v=BDDHQWkPDRw,Ruler,1.0
2019.0,spring,LCK,8,,,GEN,GRF,http://matchhistory.na.leagueoflegends.com/en/#match-details/ESPORTSTMNT01/1080863?gameHash=9a23d832fa839c8e,https://youtu.be/PUDffYbFclM?t=32,https://youtu.be/PUDffYbFclM?t=472,https://youtu.be/PUDffYbFclM?t=2659,https://www.youtube.com/watch?v=5_YlSBF0avs,Peanut,2.0
2019.0,spring,LCK,8,SKT,KT,SKT,KT,http://matchhistory.na.leagueoflegends.com/en/#match-details/ESPORTSTMNT01/1070844?gameHash=94c3aa01d0403cd6,https://youtu.be/_OhVj8KVpSs?t=772,https://youtu.be/_OhVj8KVpSs?t=1251,https://youtu.be/_OhVj8KVpSs?t=3561,https://www.youtube.com/watch?v=vgUCH1raLgs,Gango,1.0
2019.0,spring,LCK,8,,,KT,SKT,http://matchhistory.na.leagueoflegends.com/en/#match-details/ESPORTSTMNT01/1080900?gameHash=4c7a4a356bfe1bd9,https://youtu.be/moQ4CH5VQ5E?t=124,https://youtu.be/moQ4CH5VQ5E?t=588,https://youtu.be/moQ4CH5VQ5E?t=2562,https://www.youtube.com/watch?v=fmfGP8D35aA,Khan,2.0
2019.0,spring,LCK,8,,,SKT,KT,http://matchhistory.na.leagueoflegends.com/en/#match-details/ESPORTSTMNT01/1080915?gameHash=06db7c7836b45131,https://youtu.be/_aGzRrGcyQg?t=200,https://youtu.be/_aGzRrGcyQg?t=650,https://youtu.be/_aGzRrGcyQg?t=2733,https://www.youtube.com/watch?v=EmX9A2XoP_k,Khan,3.0
2019.0,spring,LCK,8,KZ,JAG,KZ,JAG,http://matchhistory.na.leagueoflegends.com/en/#match-details/ESPORTSTMNT01/1071134?gameHash=6badb58ab854dc65,https://youtu.be/_-g8aH3MUTc?t=706,https://youtu.be/_-g8aH3MUTc?t=1149,https://youtu.be/_-g8aH3MUTc?t=2731,https://www.youtube.com/watch?v=x-iTiPlA16Y,Cuzz,1.0
2019.0,spring,LCK,8,,,JAG,KZ,http://matchhistory.na.leagueoflegends.com/en/#match-details/ESPORTSTMNT01/1081171?gameHash=c89565041aa8137c,https://youtu.be/t0tSxFbIjWU?t=180,https://youtu.be/t0tSxFbIjWU?t=593,https://youtu.be/t0tSxFbIjWU?t=2729,https://www.youtube.com/watch?v=9L7gA7al9zw,Cuzz,2.0
2019.0,spring,LCK,8,DWG,HLE,DWG,HLE,http://matchhistory.na.leagueoflegends.com/en/#match-details/ESPORTSTMNT01/1071206?gameHash=9cdab872da466112,https://youtu.be/4U-qMg2QBKU?t=719,https://youtu.be/4U-qMg2QBKU?t=1364,https://youtu.be/4U-qMg2QBKU?t=3301,https://www.youtube.com/watch?v=HKOBl7StqyM,Punch,1.0
2019.0,spring,LCK,8,,,HLE,DWG,http://matchhistory.na.leagueoflegends.com/en/#match-details/ESPORTSTMNT01/1081262?gameHash=eb870120d38d10ce,https://youtu.be/6z_A0mQws8Y?t=170,https://youtu.be/6z_A0mQws8Y?t=672,https://youtu.be/6z_A0mQws8Y?t=2724,https://www.youtube.com/watch?v=7iLUaacCdq0,Lava,2.0
2019.0,spring,LCK,8,,,DWG,HLE,http://matchhistory.na.leagueoflegends.com/en/#match-details/ESPORTSTMNT01/1081285?gameHash=0ec7201ac533e7d5,https://youtu.be/Fl60owD-GWE?t=97,https://youtu.be/Fl60owD-GWE?t=489,https://youtu.be/Fl60owD-GWE?t=2660,https://www.youtube.com/watch?v=MS2nWzYrayI,Flame,3.0
2019.0,spring,LCK,8,AF,GRF,AF,GRF,http://matchhistory.na.leagueoflegends.com/en/#match-details/ESPORTSTMNT01/1071489?gameHash=f2327c06f42c5941,https://youtu.be/jJvgH6BQHK8?t=745,https://youtu.be/jJvgH6BQHK8?t=1232,https://youtu.be/jJvgH6BQHK8?t=3421,https://www.youtube.com/watch?v=HgphG815UC4,Kiin,1.0
2019.0,spring,LCK,8,,,GRF,AF,http://matchhistory.na.leagueoflegends.com/en/#match-details/ESPORTSTMNT01/1081479?gameHash=83415cc32de75d01,https://youtu.be/GFIwuFmQpcM?t=52,https://youtu.be/GFIwuFmQpcM?t=486,https://youtu.be/GFIwuFmQpcM?t=2372,https://www.youtube.com/watch?v=6dM6dunUCZU,Lehends,2.0
2019.0,spring,LCK,8,,,AF,GRF,http://matchhistory.na.leagueoflegends.com/en/#match-details/ESPORTSTMNT01/1071532?gameHash=98619c1fcfb4dd1e,https://youtu.be/beyLlkjB9w4?t=70,https://youtu.be/beyLlkjB9w4?t=544,https://youtu.be/beyLlkjB9w4?t=2787,https://www.youtube.com/watch?v=DRrK1XgUZvM,Aiming,3.0
2019.0,spring,LCK,8,KT,SB,KT,SB,http://matchhistory.na.leagueoflegends.com/en/#match-details/ESPORTSTMNT01/1071569?gameHash=efc8c977de12a72a,https://youtu.be/OXTlqzQG6uA?t=758,https://youtu.be/OXTlqzQG6uA?t=1245,https://youtu.be/OXTlqzQG6uA?t=2965,https://www.youtube.com/watch?v=u5uxvpICfOI,Summit,1.0
2019.0,spring,LCK,8,,,SB,KT,http://matchhistory.na.leagueoflegends.com/en/#match-details/ESPORTSTMNT01/1081574?gameHash=d04ed715f5c0ee29,https://youtu.be/gkLw40O85nA?t=122,https://youtu.be/gkLw40O85nA?t=575,https://youtu.be/gkLw40O85nA?t=2900,https://www.youtube.com/watch?v=dqm48k_POno,Score,2.0
2019.0,spring,LCK,8,,,KT,SB,http://matchhistory.na.leagueoflegends.com/en/#match-details/ESPORTSTMNT01/1081591?gameHash=ead5db42505a0314,https://youtu.be/9xRFFLhbFS8?t=222,https://youtu.be/9xRFFLhbFS8?t=699,https://youtu.be/9xRFFLhbFS8?t=3789,https://www.youtube.com/watch?v=Xsxo2QK6CrQ,Dove,3.0
2019.0,spring,LCK,8,HLE,SKT,HLE,SKT,http://matchhistory.na.leagueoflegends.com/en/#match-details/ESPORTSTMNT01/1071818?gameHash=85e92ceddcf89dbb,https://youtu.be/jTeandaVGRQ?t=821,https://youtu.be/jTeandaVGRQ?t=1361,https://youtu.be/jTeandaVGRQ?t=3119,https://www.youtube.com/watch?v=P2rSvTFtpsY,Sangyoon,1.0
2019.0,spring,LCK,8,,,SKT,HLE,http://matchhistory.na.leagueoflegends.com/en/#match-details/ESPORTSTMNT01/1081886?gameHash=f04c803fcd75dfa3,https://youtu.be/WVVz_LXn6Hg?t=80,https://youtu.be/WVVz_LXn6Hg?t=631,https://youtu.be/WVVz_LXn6Hg?t=2285,https://www.youtube.com/watch?v=eTIC55978vE,Khan,2.0
2019.0,spring,LCK,8,,,HLE,SKT,http://matchhistory.na.leagueoflegends.com/en/#match-details/ESPORTSTMNT01/1081890?gameHash=4d7d0d0c3baa4d3e,https://youtu.be/7lx37SORlXo?t=83,https://youtu.be/7lx37SORlXo?t=550,https://youtu.be/7lx37SORlXo?t=2250,https://www.youtube.com/watch?v=SmvTcTEhA1c,Faker,3.0
2019.0,spring,LCK,8,GEN,KZ,GEN,KZ,http://matchhistory.na.leagueoflegends.com/en/#match-details/ESPORTSTMNT01/1071877?gameHash=fa8eecb9c0a61b2b,https://youtu.be/hCvdw0KvNSI?t=776,https://youtu.be/hCvdw0KvNSI?t=1192,https://youtu.be/hCvdw0KvNSI?t=3549,https://www.youtube.com/watch?v=IKBMa-x6M40,Cuzz,1.0
2019.0,spring,LCK,8,,,KZ,GEN,http://matchhistory.na.leagueoflegends.com/en/#match-details/ESPORTSTMNT01/1081945?gameHash=a44429311797bcb4,https://youtu.be/3XHJ1fyTzvk?t=146,https://youtu.be/3XHJ1fyTzvk?t=558,https://youtu.be/3XHJ1fyTzvk?t=3006,https://www.youtube.com/watch?v=ghKFCsoCJJI,Deft,2.0
2019.0,spring,LCK,9,GRF,HLE,GRF,HLE,http://matchhistory.na.leagueoflegends.com/en/#match-details/ESPORTSTMNT01/1083180?gameHash=4573ff2b57dea9b8,https://youtu.be/M0NQX2Mvc3A?t=1307,https://youtu.be/M0NQX2Mvc3A?t=1798,https://youtu.be/M0NQX2Mvc3A?t=3443,https://www.youtube.com/watch?v=noixR1bHImo,Tarzan,1.0
2019.0,spring,LCK,9,,,HLE,GRF,http://matchhistory.na.leagueoflegends.com/en/#match-details/ESPORTSTMNT01/1083244?gameHash=e3c6a9da075345a2,https://youtu.be/3kUMgnvTGJk?t=42,https://youtu.be/3kUMgnvTGJk?t=432,https://youtu.be/3kUMgnvTGJk?t=2275,https://www.youtube.com/watch?v=qYpQjI6DOQo,Chovy,2.0
2019.0,spring,LCK,9,KZ,KT,KZ,KT,http://matchhistory.na.leagueoflegends.com/en/#match-details/ESPORTSTMNT01/1083258?gameHash=a56cdfef3bbebc9e,https://youtu.be/PtZS_QeMyYc?t=753,https://youtu.be/PtZS_QeMyYc?t=1158,https://youtu.be/PtZS_QeMyYc?t=3479,https://www.youtube.com/watch?v=2ApU3cGqGvs,Pawn,1.0
2019.0,spring,LCK,9,,,KT,KZ,http://matchhistory.na.leagueoflegends.com/en/#match-details/ESPORTSTMNT01/1083336?gameHash=92b717d3c905771b,https://youtu.be/SDKaQxyIjno?t=121,https://youtu.be/SDKaQxyIjno?t=591,https://youtu.be/SDKaQxyIjno?t=2643,https://www.youtube.com/watch?v=PdABmEaNVE0,Deft,2.0
2019.0,spring,LCK,9,AF,GEN,AF,GEN,http://matchhistory.na.leagueoflegends.com/en/#match-details/ESPORTSTMNT01/1083645?gameHash=4d77557c32d6fcc7,https://youtu.be/tLtAP1uVAvY?t=541,https://youtu.be/tLtAP1uVAvY?t=936,https://youtu.be/tLtAP1uVAvY?t=3071,https://www.youtube.com/watch?v=SqFu634w9VU,Ruler,1.0
2019.0,spring,LCK,9,,,GEN,AF,http://matchhistory.na.leagueoflegends.com/en/#match-details/ESPORTSTMNT01/1083762?gameHash=1fcd6635c6dafb4d,https://youtu.be/_5_xP16sq2s?t=36,https://youtu.be/_5_xP16sq2s?t=406,https://youtu.be/_5_xP16sq2s?t=3263,https://www.youtube.com/watch?v=MBqPh-gpWU4,Ruler,2.0
2019.0,spring,LCK,9,SKT,SB,SKT,SB,http://matchhistory.na.leagueoflegends.com/en/#match-details/ESPORTSTMNT01/1083791?gameHash=60fc69ef625173f4,https://youtu.be/g5GpwpJEWho?t=699,https://youtu.be/g5GpwpJEWho?t=1161,https://youtu.be/g5GpwpJEWho?t=3510,https://www.youtube.com/watch?v=y6hrbTPkXYA,Teddy,1.0
2019.0,spring,LCK,9,,,SB,SKT,http://matchhistory.na.leagueoflegends.com/en/#match-details/ESPORTSTMNT01/1083842?gameHash=e343bb121d5494ed,https://youtu.be/qk5f9Rja04c?t=64,https://youtu.be/qk5f9Rja04c?t=612,https://youtu.be/qk5f9Rja04c?t=2371,https://www.youtube.com/watch?v=tRaXS0mt3ZM,Faker,2.0
2019.0,spring,LCK,9,JAG,KT,JAG,KT,http://matchhistory.na.leagueoflegends.com/en/#match-details/ESPORTSTMNT01/1084099?gameHash=e5cf94bcf10ef77b,https://youtu.be/GUduuevDtSI?t=712,https://youtu.be/GUduuevDtSI?t=1143,https://youtu.be/GUduuevDtSI?t=3504,https://www.youtube.com/watch?v=EaElTPrF4i8,Kingen,1.0
2019.0,spring,LCK,9,,,KT,JAG,http://matchhistory.na.leagueoflegends.com/en/#match-details/ESPORTSTMNT01/1084187?gameHash=27507cd138b714fd,https://youtu.be/D0Q9VjhUhIw?t=149,https://youtu.be/D0Q9VjhUhIw?t=592,https://youtu.be/D0Q9VjhUhIw?t=3007,https://www.youtube.com/watch?v=xoRRHTvOo8w,Score,2.0
2019.0,spring,LCK,9,GRF,DWG,GRF,DWG,http://matchhistory.na.leagueoflegends.com/en/#match-details/ESPORTSTMNT01/1084219?gameHash=e12317238c65a9e8,https://youtu.be/Dj2HJtUwZ2k?t=735,https://youtu.be/Dj2HJtUwZ2k?t=1198,https://youtu.be/Dj2HJtUwZ2k?t=2844,https://www.youtube.com/watch?v=4fYvkNO41fc,Lehends,1.0
2019.0,spring,LCK,9,,,DWG,GRF,http://matchhistory.na.leagueoflegends.com/en/#match-details/ESPORTSTMNT01/1084279?gameHash=e172232dd39eca07,https://youtu.be/JaX5g7KvK5E?t=136,https://youtu.be/JaX5g7KvK5E?t=574,https://youtu.be/JaX5g7KvK5E?t=2762,https://www.youtube.com/watch?v=Saeo8yjwax4,Chovy,2.0
2019.0,spring,LCK,9,HLE,SB,HLE,SB,http://matchhistory.na.leagueoflegends.com/en/#match-details/ESPORTSTMNT01/1074235?gameHash=c09dc73a510a8ae7,https://youtu.be/dEXFgxpuBHs?t=739,https://youtu.be/dEXFgxpuBHs?t=1228,https://youtu.be/dEXFgxpuBHs?t=3419,https://www.youtube.com/watch?v=9bnkvF_WhyE,Summit,1.0
2019.0,spring,LCK,9,,,SB,HLE,http://matchhistory.na.leagueoflegends.com/en/#match-details/ESPORTSTMNT01/1084548?gameHash=1d04a85090b24c31,https://youtu.be/rUGcPcJuzjk?t=284,https://youtu.be/rUGcPcJuzjk?t=832,https://youtu.be/rUGcPcJuzjk?t=2651,https://www.youtube.com/watch?v=2QsKNgHLF_w,Joker,2.0
2019.0,spring,LCK,9,AF,KZ,AF,KZ,http://matchhistory.na.leagueoflegends.com/en/#match-details/ESPORTSTMNT01/1074277?gameHash=5654adf587b12a36,https://youtu.be/QKsU5XZ0sc8?t=657,https://youtu.be/QKsU5XZ0sc8?t=1020,https://youtu.be/QKsU5XZ0sc8?t=3245,https://www.youtube.com/watch?v=6PxNjoECq_c,Jelly,1.0
2019.0,spring,LCK,9,,,KZ,AF,http://matchhistory.na.leagueoflegends.com/en/#match-details/ESPORTSTMNT01/1084580?gameHash=71acd4ffc6d53fd3,https://youtu.be/LgTmCQL17KQ?t=137,https://youtu.be/LgTmCQL17KQ?t=526,https://youtu.be/LgTmCQL17KQ?t=2249,https://www.youtube.com/watch?v=VC5Hr0BqpWY,Tusin,2.0
2019.0,spring,LCK,9,,,AF,KZ,http://matchhistory.na.leagueoflegends.com/en/#match-details/ESPORTSTMNT01/1084609?gameHash=d4f0bc75f4aac15f,https://youtu.be/8X8ia169w5U?t=57,https://youtu.be/8X8ia169w5U?t=454,https://youtu.be/8X8ia169w5U?t=2101,https://www.youtube.com/watch?v=7LYyKi7pzSw,Pawn,3.0
2019.0,spring,LCK,10,JAG,SKT,JAG,SKT,http://matchhistory.na.leagueoflegends.com/en/#match-details/ESPORTSTMNT02/1030895?gameHash=64097f3eed7868e4,https://youtu.be/kQ2yVI_m74M?t=1388,https://youtu.be/kQ2yVI_m74M?t=1910,https://youtu.be/kQ2yVI_m74M?t=3829,https://www.youtube.com/watch?v=ZX7raSwlBIY,Clid,1.0
2019.0,spring,LCK,10,,,SKT,JAG,http://matchhistory.na.leagueoflegends.com/en/#match-details/ESPORTSTMNT02/1020987?gameHash=870e2917df190584,https://youtu.be/v8QBnY9SPD0?t=60,https://youtu.be/v8QBnY9SPD0?t=521,https://youtu.be/v8QBnY9SPD0?t=2854,https://www.youtube.com/watch?v=lSpRtpYfB8M,Khan,2.0
2019.0,spring,LCK,10,GEN,DWG,GEN,DWG,http://matchhistory.na.leagueoflegends.com/en/#match-details/ESPORTSTMNT02/1020997?gameHash=6f76139a65c66011,https://youtu.be/NrPeGDrigAQ?t=670,https://youtu.be/NrPeGDrigAQ?t=1046,https://youtu.be/NrPeGDrigAQ?t=2974,https://www.youtube.com/watch?v=sKytGhAHQL0,Nuguri,1.0
2019.0,spring,LCK,10,,,DWG,GEN,http://matchhistory.na.leagueoflegends.com/en/#match-details/ESPORTSTMNT02/1021019?gameHash=2294b7b08aaba83f,https://youtu.be/Cp9iWY9HF8Y?t=67,https://youtu.be/Cp9iWY9HF8Y?t=443,https://youtu.be/Cp9iWY9HF8Y?t=3009,https://www.youtube.com/watch?v=CjjGCYMDNwc,Nuguri,2.0
2019.0,spring,LCK,10,HLE,KT,HLE,KT,http://matchhistory.na.leagueoflegends.com/en/#match-details/ESPORTSTMNT02/1021175?gameHash=9a54c8a861ded773,https://youtu.be/pxmJ_UmLUfM?t=762,https://youtu.be/pxmJ_UmLUfM?t=1264,https://youtu.be/pxmJ_UmLUfM?t=3013,https://www.youtube.com/watch?v=l6_TYROoJxM,Moojin,1.0
2019.0,spring,LCK,10,,,KT,HLE,http://matchhistory.na.leagueoflegends.com/en/#match-details/ESPORTSTMNT02/1021228?gameHash=060db2511136b2d3,https://youtu.be/t2v4nYNLFYI?t=79,https://youtu.be/t2v4nYNLFYI?t=559,https://youtu.be/t2v4nYNLFYI?t=2408,https://www.youtube.com/watch?v=FSpVAUEs8qk,SoHwan,2.0
2019.0,spring,LCK,10,GRF,KZ,GRF,KZ,http://matchhistory.na.leagueoflegends.com/en/#match-details/ESPORTSTMNT02/1021234?gameHash=a72bff0fa6292b19,https://youtu.be/RQ65P9maPbg?t=700,https://youtu.be/RQ65P9maPbg?t=1112,https://youtu.be/RQ65P9maPbg?t=3006,https://www.youtube.com/watch?v=3gEGiRa6j-s,Pawn,1.0
2019.0,spring,LCK,10,,,KZ,GRF,http://matchhistory.na.leagueoflegends.com/en/#match-details/ESPORTSTMNT02/1021291?gameHash=4a57d28acda5d556,https://youtu.be/vP2szJmbZ7s?t=66,https://youtu.be/vP2szJmbZ7s?t=491,https://youtu.be/vP2szJmbZ7s?t=2494,https://www.youtube.com/watch?v=Bm0LacEEf0I,Cuzz,2.0
2019.0,spring,LCK,10,SB,GEN,SB,GEN,http://matchhistory.na.leagueoflegends.com/en/#match-details/ESPORTSTMNT02/1021526?gameHash=b592d14095989c32,https://youtu.be/wjWqhJIIUtc?t=741,https://youtu.be/wjWqhJIIUtc?t=1148,https://youtu.be/wjWqhJIIUtc?t=2826,https://www.youtube.com/watch?v=1e4uzr7nF_o,OnFleek,1.0
2019.0,spring,LCK,10,,,GEN,SB,http://matchhistory.na.leagueoflegends.com/en/#match-details/ESPORTSTMNT02/1021559?gameHash=57322322ae39905b,https://youtu.be/R4H-dq_rJKM?t=125,https://youtu.be/R4H-dq_rJKM?t=567,https://youtu.be/R4H-dq_rJKM?t=2738,https://www.youtube.com/watch?v=ShSEirFf5fc,CuVee,2.0
2019.0,spring,LCK,10,,,SB,GEN,http://matchhistory.na.leagueoflegends.com/en/#match-details/ESPORTSTMNT02/1021570?gameHash=a483aa3c55ea244c,https://youtu.be/QG6V1vB2zWA?t=312,https://youtu.be/QG6V1vB2zWA?t=730,https://youtu.be/QG6V1vB2zWA?t=2849,https://www.youtube.com/watch?v=XK2jx_h5RI4,OnFleek,3.0
2019.0,spring,LCK,10,SKT,AF,SKT,AF,http://matchhistory.na.leagueoflegends.com/en/#match-details/ESPORTSTMNT02/1021578?gameHash=fa0c7e07146319a1,https://youtu.be/48CFJi_QIUc?t=697,https://youtu.be/48CFJi_QIUc?t=1089,https://youtu.be/48CFJi_QIUc?t=3258,https://www.youtube.com/watch?v=yCKioq2hXDU,Teddy,1.0
2019.0,spring,LCK,10,,,AF,SKT,http://matchhistory.na.leagueoflegends.com/en/#match-details/ESPORTSTMNT02/1021616?gameHash=a10ae9882ffe2b75,https://youtu.be/2QBntQvNVcA?t=88,https://youtu.be/2QBntQvNVcA?t=590,https://youtu.be/2QBntQvNVcA?t=3289,https://www.youtube.com/watch?v=G7imeQyK11I,Clid,2.0
2019.0,spring,LCK,10,JAG,GRF,JAG,GRF,http://matchhistory.na.leagueoflegends.com/en/#match-details/ESPORTSTMNT02/1031753?gameHash=070cc9daa62d94ac,https://youtu.be/sbx7R2vWRgg?t=693,https://youtu.be/sbx7R2vWRgg?t=1078,https://youtu.be/sbx7R2vWRgg?t=3071,https://www.youtube.com/watch?v=LJq6G05cfKk,Sword,1.0
2019.0,spring,LCK,10,,,GRF,JAG,http://matchhistory.na.leagueoflegends.com/en/#match-details/ESPORTSTMNT02/1021779?gameHash=da73ab808a47475d,https://youtu.be/yBX1Xa48AVU?t=131,https://youtu.be/yBX1Xa48AVU?t=628,https://youtu.be/yBX1Xa48AVU?t=2677,https://www.youtube.com/watch?v=zFtDXseDyQY,Chovy,2.0
2019.0,spring,LCK,10,KT,DWG,KT,DWG,http://matchhistory.na.leagueoflegends.com/en/#match-details/ESPORTSTMNT02/1031773?gameHash=5208d297ca875a0b,https://youtu.be/ABpSk6eEiLE?t=675,https://youtu.be/ABpSk6eEiLE?t=1070,https://youtu.be/ABpSk6eEiLE?t=3651,https://www.youtube.com/watch?v=WRTOg4Um_mk,ShowMaker,1.0
2019.0,spring,LCK,10,,,DWG,KT,http://matchhistory.na.leagueoflegends.com/en/#match-details/ESPORTSTMNT02/1021831?gameHash=23960bd639cdbfd3,https://youtu.be/ofUQQes_8a0?t=54,https://youtu.be/ofUQQes_8a0?t=569,https://youtu.be/ofUQQes_8a0?t=2160,https://www.youtube.com/watch?v=w5bpoUNwVao,Nuguri,2.0
