year,season,league_name,week,team_1,team_2,Blue,Red,MH,Start,PB,set_number
2018.0,spring,LCS_a,1,OPT.A,TL.A,OPT.A,TL.A,https://matchhistory.na.leagueoflegends.com/en/#match-details/ESPORTSTMNT01/520798?gameHash=e3960ccbe4a4bda0,https://www.youtube.com/watch?v=oC9RRH6O204,,1.0
2018.0,spring,LCS_a,1,FLY.A,TSM.A,FLY.A,TSM.A,https://matchhistory.na.leagueoflegends.com/en/#match-details/ESPORTSTMNT02/480036?gameHash=70083b9cc5562b52,https://www.youtube.com/watch?v=_CRPpKPJvio,,1.0
2018.0,spring,LCS_a,1,CLG.A,100.A,CLG.A,100.A,http://matchhistory.na.leagueoflegends.com/en/#match-details/ESPORTSTMNT02/470047?gameHash=54b8909a2ac2a4b7,https://www.youtube.com/watch?v=u0ZktjWK9CQ,,1.0
2018.0,spring,LCS_a,1,GG.A,C9.A,GG.A,C9.A,https://matchhistory.na.leagueoflegends.com/en/#match-details/ESPORTSTMNT02/480053?gameHash=7e0e709d9b1e95f9,https://www.youtube.com/watch?v=Gc06ZdUIYJ4,,1.0
2018.0,spring,LCS_a,1,FOX.A,CG.A,FOX.A,CG.A,http://matchhistory.na.leagueoflegends.com/en/#match-details/ESPORTSTMNT02/470056?gameHash=eaff6a03ea3c5b28,https://www.youtube.com/watch?v=4MCRDVyL0yY,,1.0
2018.0,spring,LCS_a,1,TL.A,TSM.A,TL.A,TSM.A,https://matchhistory.na.leagueoflegends.com/en/#match-details/ESPORTSTMNT02/480077?gameHash=1788154523ee6abd,https://www.youtube.com/watch?v=t--X8DdiM7o#t=16m,https://www.youtube.com/watch?v=t--X8DdiM7o#t=10m,1.0
2018.0,spring,LCS_a,1,100.A,OPT.A,100.A,OPT.A,https://matchhistory.na.leagueoflegends.com/en/#match-details/ESPORTSTMNT02/470084?gameHash=65ba323b4c9a131a,https://www.youtube.com/watch?v=zkw31L2lVQg#t=8m,https://www.youtube.com/watch?v=zkw31L2lVQg#t=2m,1.0
2018.0,spring,LCS_a,1,CG.A,GG.A,CG.A,GG.A,https://matchhistory.na.leagueoflegends.com/en/#match-details/ESPORTSTMNT02/480095?gameHash=c53eb16e72c82379,https://www.youtube.com/watch?v=8dyP4Shi3Ig#t=11m,https://www.youtube.com/watch?v=8dyP4Shi3Ig#t=4m,1.0
2018.0,spring,LCS_a,1,FOX.A,FLY.A,FOX.A,FLY.A,https://matchhistory.na.leagueoflegends.com/en/#match-details/ESPORTSTMNT02/470094?gameHash=cd2f52fcea7fd196,https://www.youtube.com/watch?v=QeQiRrmSJzY#t=9m,https://www.youtube.com/watch?v=QeQiRrmSJzY#t=3m,1.0
2018.0,spring,LCS_a,1,CLG.A,C9.A,CLG.A,C9.A,https://matchhistory.na.leagueoflegends.com/en/#match-details/ESPORTSTMNT02/480100?gameHash=1cd027ea648a3343,https://www.youtube.com/watch?v=z2FVoeV4GiI&t=10m19s,https://www.youtube.com/watch?v=z2FVoeV4GiI&t=3m16s,1.0
2018.0,spring,LCS_a,2,FOX.A,TSM.A,FOX.A,TSM.A,https://matchhistory.na.leagueoflegends.com/en/#match-details/ESPORTSTMNT02/490016?gameHash=f432613778aed6a5,https://www.youtube.com/watch?v=qBjE_5xZ7CA#t=1m8s,https://www.youtube.com/watch?v=qBjE_5xZ7CA,1.0
2018.0,spring,LCS_a,2,C9.A,100.A,C9.A,100.A,https://matchhistory.na.leagueoflegends.com/en/#match-details/ESPORTSTMNT02/490019?gameHash=0453c213d978b153,https://www.youtube.com/watch?v=huN4tOJtQms#t=1m13s,https://www.youtube.com/watch?v=huN4tOJtQms,1.0
2018.0,spring,LCS_a,2,OPT.A,FLY.A,OPT.A,FLY.A,https://matchhistory.na.leagueoflegends.com/en/#match-details/ESPORTSTMNT02/500018?gameHash=efbaaa5443e8be2c,https://www.youtube.com/watch?v=JPv7bxSkaYM#t=1m12s,https://www.youtube.com/watch?v=JPv7bxSkaYM,1.0
2018.0,spring,LCS_a,2,GG.A,CLG.A,GG.A,CLG.A,https://matchhistory.na.leagueoflegends.com/en/#match-details/ESPORTSTMNT02/490027?gameHash=9e28e7c51c8fedfa,https://www.youtube.com/watch?v=G4sij5iPvKY#t=1m19s,https://www.youtube.com/watch?v=G4sij5iPvKY,1.0
2018.0,spring,LCS_a,2,TL.A,CG.A,TL.A,CG.A,https://matchhistory.na.leagueoflegends.com/en/#match-details/ESPORTSTMNT02/490029?gameHash=de18e95fc362c586,https://www.youtube.com/watch?v=ii8APNSqypA#t=30s,https://www.youtube.com/watch?v=ii8APNSqypA,1.0
2018.0,spring,LCS_a,2,CG.A,CLG.A,CG.A,CLG.A,https://matchhistory.na.leagueoflegends.com/en/#match-details/ESPORTSTMNT02/490037?gameHash=4d30c54e08aa99a9,https://www.youtube.com/watch?v=ijJzQNa4ovQ#t=13m55s,https://www.youtube.com/watch?v=ijJzQNa4ovQ#t=7m26s,1.0
2018.0,spring,LCS_a,2,TSM.A,OPT.A,TSM.A,OPT.A,https://matchhistory.na.leagueoflegends.com/en/#match-details/ESPORTSTMNT02/490040?gameHash=6bc422f89ae02dc0,https://www.youtube.com/watch?v=Ok5S1YE0CfE#t=11m7s,https://www.youtube.com/watch?v=Ok5S1YE0CfE#t=3m32s,1.0
2018.0,spring,LCS_a,2,C9.A,FOX.A,C9.A,FOX.A,https://matchhistory.na.leagueoflegends.com/en/#match-details/ESPORTSTMNT02/490046?gameHash=5ac3f1798b67f00a,https://www.youtube.com/watch?v=sDt4zSQkiK0#t=7m58s,https://www.youtube.com/watch?v=sDt4zSQkiK0#t=2m12s,1.0
2018.0,spring,LCS_a,2,100.A,TL.A,TL.A,100.A,https://matchhistory.na.leagueoflegends.com/en/#match-details/ESPORTSTMNT02/490057?gameHash=0e4f1a4d1de5fabe,https://www.youtube.com/watch?v=P7bSVs9A8AI#t=8m38s,https://www.youtube.com/watch?v=P7bSVs9A8AI#t=2m44s,1.0
2018.0,spring,LCS_a,2,GG.A,FLY.A,GG.A,FLY.A,https://matchhistory.na.leagueoflegends.com/en/#match-details/ESPORTSTMNT02/490063?gameHash=6a6ead99d1645a8f,https://www.youtube.com/watch?v=MobxbFPMi7E#t=9m48s,https://www.youtube.com/watch?v=MobxbFPMi7E#t=2m39s,1.0
2018.0,spring,LCS_a,3,FOX.A,OPT.A,FOX.A,OPT.A,https://matchhistory.na.leagueoflegends.com/en/#match-details/ESPORTSTMNT02/510013?gameHash=c879dbad17ac75a7,https://www.youtube.com/watch?v=s9MPXBJdyR4#t=1m26s,https://www.youtube.com/watch?v=s9MPXBJdyR4,1.0
2018.0,spring,LCS_a,3,TSM.A,100.A,TSM.A,100.A,https://matchhistory.na.leagueoflegends.com/en/#match-details/ESPORTSTMNT02/520012?gameHash=e1bc3bdc389bf863,https://www.youtube.com/watch?v=adndsF72ZyI#t=1m10s,https://www.youtube.com/watch?v=adndsF72ZyI,1.0
2018.0,spring,LCS_a,3,GG.A,TL.A,GG.A,TL.A,https://matchhistory.na.leagueoflegends.com/en/#match-details/ESPORTSTMNT02/510014?gameHash=b75ba8427de010cf,https://www.youtube.com/watch?v=QrvgIMRwohY#t=1m25s,https://www.youtube.com/watch?v=QrvgIMRwohY,1.0
2018.0,spring,LCS_a,3,CG.A,C9.A,CG.A,C9.A,https://matchhistory.na.leagueoflegends.com/en/#match-details/ESPORTSTMNT02/510015?gameHash=0dd2c0c6697cdb0a,https://www.youtube.com/watch?v=dEgUMT6eLRo#t=1m9s,https://www.youtube.com/watch?v=dEgUMT6eLRo,1.0
2018.0,spring,LCS_a,3,CLG.A,FLY.A,CLG.A,FLY.A,https://matchhistory.na.leagueoflegends.com/en/#match-details/ESPORTSTMNT02/510020?gameHash=06f36b551491f58a,https://www.youtube.com/watch?v=IU29d7LwbBg#t=1m5s,https://www.youtube.com/watch?v=IU29d7LwbBg,1.0
2018.0,spring,LCS_a,3,CLG.A,FOX.A,FOX.A,CLG.A,https://matchhistory.na.leagueoflegends.com/en/#match-details/ESPORTSTMNT02/520027?gameHash=73f21aeab0ac4143,https://www.youtube.com/watch?v=IxQjlD_l36Q#t=12m,https://www.youtube.com/watch?v=IxQjlD_l36Q#t=7m,1.0
2018.0,spring,LCS_a,3,C9.A,OPT.A,C9.A,OPT.A,https://matchhistory.na.leagueoflegends.com/en/#match-details/ESPORTSTMNT02/520032?gameHash=0dedfeda490f6533,https://www.youtube.com/watch?v=C8O6ZnNUgQE#t=9m15s,https://www.youtube.com/watch?v=C8O6ZnNUgQE#t=3m30s,1.0
2018.0,spring,LCS_a,3,CG.A,100.A,CG.A,100.A,https://matchhistory.na.leagueoflegends.com/en/#match-details/ESPORTSTMNT02/520035?gameHash=9426ff178b4c9c15,https://www.youtube.com/watch?v=oLO9TJZR7bg#t=8m,https://www.youtube.com/watch?v=oLO9TJZR7bg#t=3m,1.0
2018.0,spring,LCS_a,3,FLY.A,TL.A,FLY.A,TL.A,https://matchhistory.na.leagueoflegends.com/en/#match-details/ESPORTSTMNT02/520038?gameHash=634e8ab081896eaa,https://www.youtube.com/watch?v=5TgRCEV_92I#t=8m20s,https://www.youtube.com/watch?v=5TgRCEV_92I#t=2m30s,1.0
2018.0,spring,LCS_a,3,TSM.A,GG.A,TSM.A,GG.A,https://matchhistory.na.leagueoflegends.com/en/#match-details/ESPORTSTMNT02/520040?gameHash=49e9ef9bc4e28aa4,https://www.youtube.com/watch?v=4dizG9MRdco&t=8m50s,https://www.youtube.com/watch?v=4dizG9MRdco&t=1m43s,1.0
2018.0,spring,LCS_a,4,FLY.A,C9.A,FLY.A,C9.A,https://matchhistory.na.leagueoflegends.com/en/#match-details/ESPORTSTMNT02/520120?gameHash=03365384bdce5e2e,https://www.youtube.com/watch?v=Xyak_KrKTRk#t=1m15s,https://www.youtube.com/watch?v=Xyak_KrKTRk,1.0
2018.0,spring,LCS_a,4,GG.A,100.A,GG.A,100.A,https://matchhistory.na.leagueoflegends.com/en/#match-details/ESPORTSTMNT02/510117?gameHash=7708d61cf27baac0,https://www.youtube.com/watch?v=83ZiLtnRevE#t=1m7s,https://www.youtube.com/watch?v=83ZiLtnRevE,1.0
2018.0,spring,LCS_a,4,TSM.A,CLG.A,TSM.A,CLG.A,https://matchhistory.na.leagueoflegends.com/en/#match-details/ESPORTSTMNT02/510122?gameHash=152edad1be06ab7a,https://www.youtube.com/watch?v=LfEyW3NRG64#t=1m4s,https://www.youtube.com/watch?v=LfEyW3NRG64,1.0
2018.0,spring,LCS_a,4,FOX.A,TL.A,FOX.A,TL.A,https://matchhistory.na.leagueoflegends.com/en/#match-details/ESPORTSTMNT02/510124?gameHash=7fcb21f8ca123a29,https://www.youtube.com/watch?v=F9p7LZ5VDTw#t=1m14s,https://www.youtube.com/watch?v=F9p7LZ5VDTw,1.0
2018.0,spring,LCS_a,4,OPT.A,CG.A,OPT.A,CG.A,https://matchhistory.na.leagueoflegends.com/en/#match-details/ESPORTSTMNT02/520123?gameHash=9f30e65b1f5d2b19,https://www.youtube.com/watch?v=vqlMwbRLCsY#t=1m8s,https://www.youtube.com/watch?v=vqlMwbRLCsY,1.0
2018.0,spring,LCS_a,4,TSM.A,CG.A,TSM.A,CG.A,https://matchhistory.na.leagueoflegends.com/en/#match-details/ESPORTSTMNT02/520154?gameHash=92e0075d8b024a48,https://www.youtube.com/watch?v=sX6ZmZhcoyI#t=11m50s,https://www.youtube.com/watch?v=sX6ZmZhcoyI#t=5m11s,1.0
2018.0,spring,LCS_a,4,C9.A,TL.A,C9.A,TL.A,https://matchhistory.na.leagueoflegends.com/en/#match-details/ESPORTSTMNT02/520156?gameHash=f1af1143bc9ef557,https://www.youtube.com/watch?v=xecjhWKCJx0#t=7m26s,https://www.youtube.com/watch?v=xecjhWKCJx0#t=1m50s,1.0
2018.0,spring,LCS_a,4,OPT.A,CLG.A,OPT.A,CLG.A,https://matchhistory.na.leagueoflegends.com/en/#match-details/ESPORTSTMNT02/520159?gameHash=1e592cc00d9e656f,https://www.youtube.com/watch?v=JhMAMVLpJlI#t=8m18s,https://www.youtube.com/watch?v=JhMAMVLpJlI#t=1m49s,1.0
2018.0,spring,LCS_a,4,100.A,FLY.A,100.A,FLY.A,https://matchhistory.na.leagueoflegends.com/en/#match-details/ESPORTSTMNT02/520161?gameHash=baf405e1b4332798,https://www.youtube.com/watch?v=-AGrl_yANnI#t=8m56s,https://www.youtube.com/watch?v=-AGrl_yANnI#t=2m28s,1.0
2018.0,spring,LCS_a,4,GG.A,FOX.A,GG.A,FOX.A,https://matchhistory.na.leagueoflegends.com/en/#match-details/ESPORTSTMNT02/520162?gameHash=6734255f4e9f4939,https://www.youtube.com/watch?v=ekgHsyPJTvk#t=9m18s,https://www.youtube.com/watch?v=ekgHsyPJTvk#t=3m32s,1.0
2018.0,spring,LCS_a,5,CG.A,TSM.A,CG.A,TSM.A,https://matchhistory.na.leagueoflegends.com/en/#match-details/ESPORTSTMNT02/530077?gameHash=f9ce12842cb908ea,https://www.youtube.com/watch?v=zsG_Q2rbFHc#t=67,https://www.youtube.com/watch?v=zsG_Q2rbFHc,1.0
2018.0,spring,LCS_a,5,100.A,CLG.A,100.A,CLG.A,https://matchhistory.na.leagueoflegends.com/en/#match-details/ESPORTSTMNT02/530078?gameHash=a40bc7f312e5a1ad,https://www.youtube.com/watch?v=fpPgogM2d2k#t=67,https://www.youtube.com/watch?v=fpPgogM2d2k,1.0
2018.0,spring,LCS_a,5,FLY.A,OPT.A,FLY.A,OPT.A,https://matchhistory.na.leagueoflegends.com/en/#match-details/ESPORTSTMNT02/530084?gameHash=97e9edf594509fe9,https://www.youtube.com/watch?v=vO_6c_3YBoY#t=75,https://www.youtube.com/watch?v=vO_6c_3YBoY,1.0
2018.0,spring,LCS_a,5,FOX.A,C9.A,FOX.A,C9.A,https://matchhistory.na.leagueoflegends.com/en/#match-details/ESPORTSTMNT02/530085?gameHash=35e3fe3364c511d7,https://www.youtube.com/watch?v=_IaOV4rOa5w#t=50,https://www.youtube.com/watch?v=_IaOV4rOa5w,1.0
2018.0,spring,LCS_a,5,TL.A,GG.A,TL.A,GG.A,https://matchhistory.na.leagueoflegends.com/en/#match-details/ESPORTSTMNT02/530089?gameHash=9921fbaf27ec3ac6,https://www.youtube.com/watch?v=vpnl9r-s01U#t=67,https://www.youtube.com/watch?v=vpnl9r-s01U,1.0
2018.0,spring,LCS_a,5,OPT.A,GG.A,OPT.A,GG.A,https://matchhistory.na.leagueoflegends.com/en/#match-details/ESPORTSTMNT02/540095?gameHash=bb5d469b24823a70,https://www.youtube.com/watch?v=TK3G0ZKYD1k#t=690,https://www.youtube.com/watch?v=TK3G0ZKYD1k#t=295,1.0
2018.0,spring,LCS_a,5,C9.A,TSM.A,C9.A,TSM.A,https://matchhistory.na.leagueoflegends.com/en/#match-details/ESPORTSTMNT02/540097?gameHash=8e962fca326c48f4,https://www.youtube.com/watch?v=KR-zcphUCTA#t=505,https://www.youtube.com/watch?v=KR-zcphUCTA#t=120,1.0
2018.0,spring,LCS_a,5,CG.A,FLY.A,CG.A,FLY.A,https://matchhistory.na.leagueoflegends.com/en/#match-details/ESPORTSTMNT02/540099?gameHash=f43a1b90f5753504,https://www.youtube.com/watch?v=NTTPbsMMErQ#t=480,https://www.youtube.com/watch?v=NTTPbsMMErQ#t=140,1.0
2018.0,spring,LCS_a,5,100.A,FOX.A,100.A,FOX.A,https://matchhistory.na.leagueoflegends.com/en/#match-details/ESPORTSTMNT02/540100?gameHash=13ea7e8cdd530704,https://www.youtube.com/watch?v=xJJyV6usOVU#t=480,https://www.youtube.com/watch?v=xJJyV6usOVU#t=146,1.0
2018.0,spring,LCS_a,5,TL.A,CLG.A,TL.A,CLG.A,https://matchhistory.na.leagueoflegends.com/en/#match-details/ESPORTSTMNT02/530127?gameHash=f0ccd536d772841b,https://www.youtube.com/watch?v=yRlp6UN1XLI#t=470,https://www.youtube.com/watch?v=yRlp6UN1XLI#t=110,1.0
2018.0,spring,LCS_a,6,FLY.A,100.A,FLY.A,100.A,https://matchhistory.na.leagueoflegends.com/en/#match-details/ESPORTSTMNT02/540334?gameHash=e6181aeeefcfe37d,https://www.youtube.com/watch?v=g6wcjwTJio8#t=75,https://www.youtube.com/watch?v=g6wcjwTJio8,1.0
2018.0,spring,LCS_a,6,OPT.A,TSM.A,OPT.A,TSM.A,https://matchhistory.na.leagueoflegends.com/en/#match-details/ESPORTSTMNT02/540336?gameHash=c51797b53a3154d8,https://www.youtube.com/watch?v=nbPCUrMVWvQ#t=67,https://www.youtube.com/watch?v=nbPCUrMVWvQ,1.0
2018.0,spring,LCS_a,6,C9.A,CG.A,C9.A,CG.A,https://matchhistory.na.leagueoflegends.com/en/#match-details/ESPORTSTMNT02/540337?gameHash=ac64d8ef78f6580b,https://www.youtube.com/watch?v=oIjmQkehVyQ#t=67,https://www.youtube.com/watch?v=oIjmQkehVyQ,1.0
2018.0,spring,LCS_a,6,FOX.A,TL.A,FOX.A,TL.A,https://matchhistory.na.leagueoflegends.com/en/#match-details/ESPORTSTMNT02/540338?gameHash=7a14a7c714f5a554,https://www.youtube.com/watch?v=5lC1CKNMBaA#t=75,https://www.youtube.com/watch?v=5lC1CKNMBaA,1.0
2018.0,spring,LCS_a,6,CLG.A,GG.A,CLG.A,GG.A,https://matchhistory.na.leagueoflegends.com/en/#match-details/ESPORTSTMNT02/540341?gameHash=e559d4c59ef5d798,https://www.youtube.com/watch?v=qOpzzzysEGw#t=75,https://www.youtube.com/watch?v=qOpzzzysEGw,1.0
2018.0,spring,LCS_a,6,CLG.A,CG.A,CLG.A,CG.A,https://matchhistory.na.leagueoflegends.com/en/#match-details/ESPORTSTMNT02/540365?gameHash=3a99ad1c5e72bb68,https://www.youtube.com/watch?v=MqwAAxyspYQ#t=712,https://www.youtube.com/watch?v=MqwAAxyspYQ#t=379,1.0
2018.0,spring,LCS_a,6,TSM.A,FOX.A,TSM.A,FOX.A,https://matchhistory.na.leagueoflegends.com/en/#match-details/ESPORTSTMNT02/530399?gameHash=bd0c9879ca30e1e6,https://www.youtube.com/watch?v=MV9qA7sgWHo#t=462,https://www.youtube.com/watch?v=MV9qA7sgWHo#t=135,1.0
2018.0,spring,LCS_a,6,TL.A,FLY.A,TL.A,FLY.A,https://matchhistory.na.leagueoflegends.com/en/#match-details/ESPORTSTMNT02/540371?gameHash=4f7163569ef7c510,https://www.youtube.com/watch?v=rbNS24vTeqQ#t=551,https://www.youtube.com/watch?v=rbNS24vTeqQ#t=149,1.0
2018.0,spring,LCS_a,6,100.A,C9.A,100.A,C9.A,https://matchhistory.na.leagueoflegends.com/en/#match-details/ESPORTSTMNT02/530400?gameHash=489646f2dc4c1d48,https://www.youtube.com/watch?v=j8jptS7phRs#t=461,https://www.youtube.com/watch?v=j8jptS7phRs#t=154,1.0
2018.0,spring,LCS_a,6,GG.A,OPT.A,GG.A,OPT.A,https://matchhistory.na.leagueoflegends.com/en/#match-details/ESPORTSTMNT02/540375?gameHash=2b135aeee6842133,https://www.youtube.com/watch?v=vTUllequzLo#t=552,https://www.youtube.com/watch?v=vTUllequzLo#t=202,1.0
2018.0,spring,LCS_a,7,CLG.A,TL.A,CLG.A,TL.A,https://matchhistory.na.leagueoflegends.com/en/#match-details/ESPORTSTMNT02/550037?gameHash=31164168be82c818,https://www.youtube.com/watch?v=-wYNfsagah8#t=84,https://www.youtube.com/watch?v=-wYNfsagah8,1.0
2018.0,spring,LCS_a,7,100.A,TSM.A,100.A,TSM.A,https://matchhistory.na.leagueoflegends.com/en/#match-details/ESPORTSTMNT02/550038?gameHash=52cdf694b8eb236c,https://www.youtube.com/watch?v=XsbA5vNCBK8#t=75,https://www.youtube.com/watch?v=XsbA5vNCBK8,1.0
2018.0,spring,LCS_a,7,C9.A,GG.A,C9.A,GG.A,https://matchhistory.na.leagueoflegends.com/en/#match-details/ESPORTSTMNT02/550045?gameHash=aefa5a34e1782ce6,https://www.youtube.com/watch?v=sAjQKZK2WW8#t=84,https://www.youtube.com/watch?v=sAjQKZK2WW8,1.0
2018.0,spring,LCS_a,7,OPT.A,FOX.A,OPT.A,FOX.A,https://matchhistory.na.leagueoflegends.com/en/#match-details/ESPORTSTMNT02/560032?gameHash=5c565b7621556539,https://www.youtube.com/watch?v=2WHB47yDFIM#t=71,https://www.youtube.com/watch?v=2WHB47yDFIM,1.0
2018.0,spring,LCS_a,7,FLY.A,CG.A,FLY.A,CG.A,https://matchhistory.na.leagueoflegends.com/en/#match-details/ESPORTSTMNT02/550052?gameHash=bc5787e06b7a1198,https://www.youtube.com/watch?v=vlMFlN5Gj-k#t=75,https://www.youtube.com/watch?v=vlMFlN5Gj-k,1.0
2018.0,spring,LCS_a,7,CG.A,OPT.A,CG.A,OPT.A,https://matchhistory.na.leagueoflegends.com/en/#match-details/ESPORTSTMNT02/560058?gameHash=f255caa4a062062e&tab=overview,https://www.youtube.com/watch?v=dlFMHLExA0k#t=935,https://www.youtube.com/watch?v=dlFMHLExA0k#t=575,1.0
2018.0,spring,LCS_a,7,C9.A,CLG.A,C9.A,CLG.A,https://matchhistory.na.leagueoflegends.com/en/#match-details/ESPORTSTMNT02/560061?gameHash=4e6967354efc5549&tab=overview,https://www.youtube.com/watch?v=7Qy8U4Eam8E#t=533,https://www.youtube.com/watch?v=7Qy8U4Eam8E#t=168,1.0
2018.0,spring,LCS_a,7,TL.A,100.A,TL.A,100.A,https://matchhistory.na.leagueoflegends.com/en/#match-details/ESPORTSTMNT02/560062?gameHash=f9dbffa155bc7021&tab=overview,https://www.youtube.com/watch?v=5sWjoTFNKb4#t=519,https://www.youtube.com/watch?v=5sWjoTFNKb4#t=148,1.0
2018.0,spring,LCS_a,7,TSM.A,FLY.A,TSM.A,FLY.A,https://matchhistory.na.leagueoflegends.com/en/#match-details/ESPORTSTMNT02/560064?gameHash=659fcdc39435a45d&tab=overview,https://www.youtube.com/watch?v=LN9CS4cfWuM#t=585,https://www.youtube.com/watch?v=LN9CS4cfWuM#t=165,1.0
2018.0,spring,LCS_a,7,GG.A,FOX.A,GG.A,FOX.A,https://matchhistory.na.leagueoflegends.com/en/#match-details/ESPORTSTMNT02/560065?gameHash=efd83368356e9a84,https://www.youtube.com/watch?v=06lvQmOCKb0#t=490,https://www.youtube.com/watch?v=06lvQmOCKb0#t=180,1.0
2018.0,spring,LCS_a,8,CG.A,TL.A,TL.A,CG.A,https://matchhistory.na.leagueoflegends.com/en/#match-details/ESPORTSTMNT02/550321?gameHash=931108b32d71bfa5&tab=overview,https://www.youtube.com/watch?v=kzwGMEHNCI4#t=75,https://www.youtube.com/watch?v=kzwGMEHNCI4,1.0
2018.0,spring,LCS_a,8,FLY.A,GG.A,FLY.A,GG.A,https://matchhistory.na.leagueoflegends.com/en/#match-details/ESPORTSTMNT02/560329?gameHash=da19c6ea09026555&tab=overview,https://www.youtube.com/watch?v=Filx-_M8i5g#t=75,https://www.youtube.com/watch?v=Filx-_M8i5g,1.0
2018.0,spring,LCS_a,8,FOX.A,CLG.A,FOX.A,CLG.A,https://matchhistory.na.leagueoflegends.com/en/#match-details/ESPORTSTMNT02/560334?gameHash=014ab4899a599266&tab=overview,https://www.youtube.com/watch?v=YvePz-ESP18#t=67,https://www.youtube.com/watch?v=YvePz-ESP18,1.0
2018.0,spring,LCS_a,8,TSM.A,C9.A,TSM.A,C9.A,https://matchhistory.na.leagueoflegends.com/en/#match-details/ESPORTSTMNT02/560335?gameHash=3810a4778a7aff85&tab=overview,https://www.youtube.com/watch?v=CwEh_tJgLMk#t=75,https://www.youtube.com/watch?v=CwEh_tJgLMk,1.0
2018.0,spring,LCS_a,8,OPT.A,100.A,OPT.A,100.A,https://matchhistory.na.leagueoflegends.com/en/#match-details/ESPORTSTMNT02/550344?gameHash=87a43a6ec9bdbc08&tab=overview,https://www.youtube.com/watch?v=5N-4OdKQI30#t=88,https://www.youtube.com/watch?v=5N-4OdKQI30,1.0
2018.0,spring,LCS_a,8,OPT.A,C9.A,OPT.A,C9.A,https://matchhistory.na.leagueoflegends.com/en/#match-details/ESPORTSTMNT02/560354?gameHash=5b80074cf8be31eb&tab=overview,https://www.youtube.com/watch?v=ridnmQ3W7NE#t=771,https://www.youtube.com/watch?v=ridnmQ3W7NE#t=373,1.0
2018.0,spring,LCS_a,8,FLY.A,CLG.A,FLY.A,CLG.A,https://matchhistory.na.leagueoflegends.com/en/#match-details/ESPORTSTMNT02/550359?gameHash=5b696026b52ec0a5&tab=overview,https://www.youtube.com/watch?v=hUE3KPYc5NQ#t=474,,1.0
2018.0,spring,LCS_a,8,CG.A,FOX.A,CG.A,FOX.A,https://matchhistory.na.leagueoflegends.com/en/#match-details/ESPORTSTMNT02/560356?gameHash=8421ad3274350954&tab=overview,https://www.youtube.com/watch?v=bACxbnAirlA#t=461,https://www.youtube.com/watch?v=bACxbnAirlA#t=147,1.0
2018.0,spring,LCS_a,8,TSM.A,TL.A,TSM.A,TL.A,https://matchhistory.na.leagueoflegends.com/en/#match-details/ESPORTSTMNT02/550362?gameHash=d3fa5b0793e45f0f&tab=overview,https://www.youtube.com/watch?v=C2G5rESpuyE#t=500,https://www.youtube.com/watch?v=C2G5rESpuyE#t=118,1.0
2018.0,spring,LCS_a,8,100.A,GG.A,100.A,GG.A,https://matchhistory.na.leagueoflegends.com/en/#match-details/ESPORTSTMNT02/560360?gameHash=4638b7f38a5feb8f&tab=overview,https://www.youtube.com/watch?v=-ncRtvquzEU#t=446,https://www.youtube.com/watch?v=-ncRtvquzEU#t=108,1.0
2018.0,spring,LCS_a,9,TL.A,OPT.A,TL.A,OPT.A,https://matchhistory.na.leagueoflegends.com/en/#match-details/ESPORTSTMNT02/570086?gameHash=62caa8b5c13f42a2&tab=overview,https://www.youtube.com/watch?v=0U8dq2aabpo#t=73,https://www.youtube.com/watch?v=0U8dq2aabpo,1.0
2018.0,spring,LCS_a,9,GG.A,CG.A,GG.A,CG.A,https://matchhistory.na.leagueoflegends.com/en/#match-details/ESPORTSTMNT02/570087?gameHash=0f0972701571116d&tab=overview,https://www.youtube.com/watch?v=bQftTfzmR5s#t=75,https://www.youtube.com/watch?v=bQftTfzmR5s,1.0
2018.0,spring,LCS_a,9,C9.A,FLY.A,C9.A,FLY.A,https://matchhistory.na.leagueoflegends.com/en/#match-details/ESPORTSTMNT02/570092?gameHash=347fb5cabf483f49&tab=overview,https://www.youtube.com/watch?v=a6I6Jv9YHD0#t=71,https://www.youtube.com/watch?v=a6I6Jv9YHD0,1.0
2018.0,spring,LCS_a,9,FOX.A,100.A,FOX.A,100.A,https://matchhistory.na.leagueoflegends.com/en/#match-details/ESPORTSTMNT02/580100?gameHash=6f1afa19e7a8bd12&tab=overview,https://www.youtube.com/watch?v=BE3j58LElbw#t=67,https://www.youtube.com/watch?v=BE3j58LElbw,1.0
2018.0,spring,LCS_a,9,CLG.A,TSM.A,TSM.A,CLG.A,https://matchhistory.na.leagueoflegends.com/en/#match-details/ESPORTSTMNT02/570094?gameHash=7419c918a42d4625&tab=overview,https://www.youtube.com/watch?v=ATL2LeeZQcU#t=83,https://www.youtube.com/watch?v=ATL2LeeZQcU,1.0
2018.0,spring,LCS_a,9,CLG.A,OPT.A,CLG.A,OPT.A,https://matchhistory.na.leagueoflegends.com/en/#match-details/ESPORTSTMNT02/570116?gameHash=c0f06166438224d6,https://www.youtube.com/watch?v=ElEaMC1t-ns#t=816,https://www.youtube.com/watch?v=ElEaMC1t-ns#t=412,1.0
2018.0,spring,LCS_a,9,TL.A,C9.A,TL.A,C9.A,https://matchhistory.na.leagueoflegends.com/en/#match-details/ESPORTSTMNT02/580130?gameHash=3e52896965cf89b7,https://www.youtube.com/watch?v=eVCFJpg4DZ0#t=549,https://www.youtube.com/watch?v=eVCFJpg4DZ0#t=114,1.0
2018.0,spring,LCS_a,9,CG.A,100.A,CG.A,100.A,https://matchhistory.na.leagueoflegends.com/en/#match-details/ESPORTSTMNT02/570119?gameHash=a873bfe0f0e48619,https://www.youtube.com/watch?v=HttqAlmo__M#t=473,https://www.youtube.com/watch?v=HttqAlmo__M#t=130,1.0
2018.0,spring,LCS_a,9,GG.A,TSM.A,GG.A,TSM.A,https://matchhistory.na.leagueoflegends.com/en/#match-details/ESPORTSTMNT02/580134?gameHash=d5ff465efe4ce159,https://www.youtube.com/watch?v=BV9far_iekM#t=448,https://www.youtube.com/watch?v=BV9far_iekM#t=89,1.0
2018.0,spring,LCS_a,9,FLY.A,FOX.A,FLY.A,FOX.A,https://matchhistory.na.leagueoflegends.com/en/#match-details/ESPORTSTMNT02/570126?gameHash=cecd9e6fe021d680,https://www.youtube.com/watch?v=2ViLdOUKSkQ#t=436,https://www.youtube.com/watch?v=2ViLdOUKSkQ#t=119,1.0
2018.0,spring,LCS_a,Tiebreakers,TL.A,C9.A,TL.A,C9.A,https://matchhistory.na.leagueoflegends.com/en/#match-details/ESPORTSTMNT02/580138?gameHash=74d51148fdddda58,https://www.youtube.com/watch?v=8NRVaiWsJxA#t=420,https://www.youtube.com/watch?v=8NRVaiWsJxA#t=42,1.0
