year,season,league_name,week,team_1,team_2,Blue,Red,MH,PB,Start,MVP,set_number
2019.0,spring,LDL,1,SNS,FPB,FPB,SNS,https://lpl.qq.com/es/stats.shtml?bmid=4484,https://v.qq.com/x/page/r0842qismm1.html,https://v.qq.com/x/page/r0842qismm1.html?start=360,Cepted,1.0
2019.0,spring,LDL,1,,,SNS,FPB,https://lpl.qq.com/es/stats.shtml?bmid=4484,https://v.qq.com/x/page/g0842iy22kx.html,https://v.qq.com/x/page/g0842iy22kx.html?start=422,View,2.0
2019.0,spring,LDL,1,,,FPB,SNS,https://lpl.qq.com/es/stats.shtml?bmid=4484,https://v.qq.com/x/page/a0842lhmxus.html,https://v.qq.com/x/page/a0842lhmxus.html?start=416,April,3.0
2019.0,spring,LDL,1,BLGJ,87,87,BLGJ,https://lpl.qq.com/es/stats.shtml?bmid=4485,https://v.qq.com/x/page/j0842vk7kxq.html,https://v.qq.com/x/page/j0842vk7kxq.html?start=502,Moonlight,1.0
2019.0,spring,LDL,1,,,BLGJ,87,https://lpl.qq.com/es/stats.shtml?bmid=4485,https://v.qq.com/x/page/n0842e99kg5.html,https://v.qq.com/x/page/n0842e99kg5.html?start=404,M1anhua,2.0
2019.0,spring,LDL,1,KOF,LGE,KOF,LGE,https://lpl.qq.com/es/stats.shtml?bmid=4486,https://v.qq.com/x/page/q08421j3uhb.html,https://v.qq.com/x/page/q08421j3uhb.html?start=448,Captain,1.0
2019.0,spring,LDL,1,,,LGE,KOF,https://lpl.qq.com/es/stats.shtml?bmid=4486,https://v.qq.com/x/page/q0842zk9ll1.html,https://v.qq.com/x/page/q0842zk9ll1.html?start=434,AK,2.0
2019.0,spring,LDL,1,,,KOF,LGE,https://lpl.qq.com/es/stats.shtml?bmid=4486,https://v.qq.com/x/page/v0842ba7gc5.html,https://v.qq.com/x/page/v0842ba7gc5.html?start=316,,3.0
2019.0,spring,LDL,1,EDGY,TSG,TSG,EDGY,https://lpl.qq.com/es/stats.shtml?bmid=4487,https://v.qq.com/x/page/o08420o6i8x.html,https://v.qq.com/x/page/o08420o6i8x.html?start=362,,1.0
2019.0,spring,LDL,1,,,EDGY,TSG,https://lpl.qq.com/es/stats.shtml?bmid=4487,https://v.qq.com/x/page/k08422608ic.html,https://v.qq.com/x/page/k08422608ic.html?start=466,,2.0
2019.0,spring,LDL,1,RWS,UP,RWS,UP,https://lpl.qq.com/es/stats.shtml?bmid=4488,https://v.qq.com/x/page/e0842jjs6b7.html,https://v.qq.com/x/page/e0842jjs6b7.html?start=384,Zhanzhao,1.0
2019.0,spring,LDL,1,,,UP,RWS,https://lpl.qq.com/es/stats.shtml?bmid=4488,https://v.qq.com/x/page/j0842thpexm.html,https://v.qq.com/x/page/j0842thpexm.html?start=410,Roysen,2.0
2019.0,spring,LDL,1,,,RWS,UP,https://lpl.qq.com/es/stats.shtml?bmid=4488,https://v.qq.com/x/page/w0842rg2443.html,https://v.qq.com/x/page/w0842rg2443.html?start=812,,3.0
2019.0,spring,LDL,1,SDP,LEG,SDP,LEG,https://lpl.qq.com/es/stats.shtml?bmid=4489,https://v.qq.com/x/page/z0842s5flvs.html,https://v.qq.com/x/page/z0842s5flvs.html?start=458,,1.0
2019.0,spring,LDL,1,,,SDP,LEG,https://lpl.qq.com/es/stats.shtml?bmid=4489,https://v.qq.com/x/page/j0842lgpsu2.html,https://v.qq.com/x/page/j0842lgpsu2.html?start=354,,2.0
2019.0,spring,LDL,1,IGY,OMD,OMD,IGY,https://lpl.qq.com/es/stats.shtml?bmid=4490,https://v.qq.com/x/page/l0842fina10.html,https://v.qq.com/x/page/l0842fina10.html?start=394,Curse,1.0
2019.0,spring,LDL,1,,,IGY,OMD,https://lpl.qq.com/es/stats.shtml?bmid=4490,https://v.qq.com/x/page/h084212i28g.html,https://v.qq.com/x/page/h084212i28g.html?start=764,xin,2.0
2019.0,spring,LDL,1,,,IGY,OMD,https://lpl.qq.com/es/stats.shtml?bmid=4490,https://v.qq.com/x/page/d0842r22gvr.html,https://v.qq.com/x/page/d0842r22gvr.html?start=441,xin,3.0
2019.0,spring,LDL,1,SNS,SDX,SDX,SNS,https://lpl.qq.com/es/stats.shtml?bmid=4491,https://v.qq.com/x/page/z0842bu4rgg.html,https://v.qq.com/x/page/z0842bu4rgg.html?start=565,ShaDow,1.0
2019.0,spring,LDL,1,,,SNS,SDX,https://lpl.qq.com/es/stats.shtml?bmid=4491,https://v.qq.com/x/page/c0842k0xvk0.html,https://v.qq.com/x/page/c0842k0xvk0.html?start=402,L1n,2.0
2019.0,spring,LDL,1,FPB,YM,FPB,YM,https://lpl.qq.com/es/stats.shtml?bmid=4492,https://v.qq.com/x/page/o0842w9fwad.html,https://v.qq.com/x/page/o0842w9fwad.html?start=385,Cepted,1.0
2019.0,spring,LDL,1,,,FPB,YM,https://lpl.qq.com/es/stats.shtml?bmid=4492,https://v.qq.com/x/page/l08423ccv69.html,https://v.qq.com/x/page/l08423ccv69.html?start=408,Cepted,2.0
2019.0,spring,LDL,1,WEA,SG,WEA,SG,https://lpl.qq.com/es/stats.shtml?bmid=4493,https://v.qq.com/x/page/f0842eshms2.html,https://v.qq.com/x/page/f0842eshms2.html?start=164,CH1rry,1.0
2019.0,spring,LDL,1,,,SG,WEA,https://lpl.qq.com/es/stats.shtml?bmid=4493,https://v.qq.com/x/page/x0842gxj9fl.html,https://v.qq.com/x/page/x0842gxj9fl.html?start=309,CH1rry,2.0
2019.0,spring,LDL,1,SWD,VTG,SWD,VTG,https://lpl.qq.com/es/stats.shtml?bmid=4494,https://v.qq.com/x/page/d0842ozdzcq.html,https://v.qq.com/x/page/d0842ozdzcq.html?start=235,Light,1.0
2019.0,spring,LDL,1,,,VTG,SWD,https://lpl.qq.com/es/stats.shtml?bmid=4494,https://v.qq.com/x/page/b0842p3ht6x.html,https://v.qq.com/x/page/b0842p3ht6x.html?start=501,chenlun17,2.0
2019.0,spring,LDL,1,VP,GD,GD,VP,https://lpl.qq.com/es/stats.shtml?bmid=4495,https://v.qq.com/x/page/u08425sy4gc.html,https://v.qq.com/x/page/u08425sy4gc.html?start=413,,1.0
2019.0,spring,LDL,1,,,VP,GD,https://lpl.qq.com/es/stats.shtml?bmid=4495,https://v.qq.com/x/page/j0842ahkkg4.html,https://v.qq.com/x/page/j0842ahkkg4.html?start=458,Enjoy,2.0
2019.0,spring,LDL,1,,,VP,GD,https://lpl.qq.com/es/stats.shtml?bmid=4495,https://v.qq.com/x/page/f0842qlumhi.html,https://v.qq.com/x/page/f0842qlumhi.html?start=464,,3.0
2019.0,spring,LDL,1,BLGJ,SWD,BLGJ,SWD,https://lpl.qq.com/es/stats.shtml?bmid=4496,https://v.qq.com/x/page/h0843wgd4pj.html,https://v.qq.com/x/page/h0843wgd4pj.html?start=895,dzs,1.0
2019.0,spring,LDL,1,,,SWD,BLGJ,https://lpl.qq.com/es/stats.shtml?bmid=4496,https://v.qq.com/x/page/t0843c0mnws.html,https://v.qq.com/x/page/t0843c0mnws.html?start=369,keke,2.0
2019.0,spring,LDL,1,JDM,LGE,LGE,JDM,https://lpl.qq.com/es/stats.shtml?bmid=4497,https://v.qq.com/x/page/f0843l7loi9.html,https://v.qq.com/x/page/f0843l7loi9.html?start=468,clx,1.0
2019.0,spring,LDL,1,,,JDM,LGE,https://lpl.qq.com/es/stats.shtml?bmid=4497,https://v.qq.com/x/page/r0843ah6m04.html,https://v.qq.com/x/page/r0843ah6m04.html?start=405,ZBB,2.0
2019.0,spring,LDL,1,,,LGE,JDM,https://lpl.qq.com/es/stats.shtml?bmid=4497,https://v.qq.com/x/page/h0843r9ld7t.html,https://v.qq.com/x/page/h0843r9ld7t.html?start=425,A02,3.0
2019.0,spring,LDL,1,VGP,TSG,VGP,TSG,https://lpl.qq.com/es/stats.shtml?bmid=4499,https://v.qq.com/x/page/n08430trbjf.html,https://v.qq.com/x/page/n08430trbjf.html?start=334,,1.0
2019.0,spring,LDL,1,,,VGP,TSG,https://lpl.qq.com/es/stats.shtml?bmid=4499,https://v.qq.com/x/page/j08436hjle8.html,https://v.qq.com/x/page/j08436hjle8.html?start=96,,2.0
2019.0,spring,LDL,1,OMD,LEG,LEG,OMD,https://lpl.qq.com/es/stats.shtml?bmid=4498,https://v.qq.com/x/page/f0843euvbhh.html,https://v.qq.com/x/page/f0843euvbhh.html?start=431,Viod,1.0
2019.0,spring,LDL,1,,,LEG,OMD,https://lpl.qq.com/es/stats.shtml?bmid=4498,https://v.qq.com/x/page/x0843w7gm1a.html,https://v.qq.com/x/page/x0843w7gm1a.html?start=402,Assqssin,2.0
2019.0,spring,LDL,1,RYL,UP,RYL,UP,https://lpl.qq.com/es/stats.shtml?bmid=4500,https://v.qq.com/x/page/p08431d7d4v.html,https://v.qq.com/x/page/p08431d7d4v.html?start=389,Cube,1.0
2019.0,spring,LDL,1,,,UP,RYL,https://lpl.qq.com/es/stats.shtml?bmid=4500,https://v.qq.com/x/page/h0843n02urk.html,https://v.qq.com/x/page/h0843n02urk.html?start=438,,2.0
2019.0,spring,LDL,1,,,UP,RYL,https://lpl.qq.com/es/stats.shtml?bmid=4500,https://v.qq.com/x/page/v08438i3bl5.html,,Roysen,3.0
2019.0,spring,LDL,1,IGY,87,IGY,87,https://lpl.qq.com/es/stats.shtml?bmid=4501,https://v.qq.com/x/page/u0843f9yfnm.html,,,1.0
2019.0,spring,LDL,1,,,IGY,87,https://lpl.qq.com/es/stats.shtml?bmid=4501,https://v.qq.com/x/page/o0843lb7k7k.html,,,2.0
2019.0,spring,LDL,1,SNS,VGP,SNS,VGP,https://lpl.qq.com/es/stats.shtml?bmid=4502,https://v.qq.com/x/page/e08431rscfx.html,,Lilac,1.0
2019.0,spring,LDL,1,,,VGP,SNS,https://lpl.qq.com/es/stats.shtml?bmid=4502,https://v.qq.com/x/page/x08435680wd.html,,Zdz,2.0
2019.0,spring,LDL,1,,,SNS,VGP,https://lpl.qq.com/es/stats.shtml?bmid=4502,https://v.qq.com/x/page/g0843689v5b.html,,bin,3.0
2019.0,spring,LDL,1,RWS,GD,GD,RWS,https://lpl.qq.com/es/stats.shtml?bmid=4503,https://v.qq.com/x/page/k084331vzpm.html,,Zhanzhao,1.0
2019.0,spring,LDL,1,,,RWS,GD,https://lpl.qq.com/es/stats.shtml?bmid=4503,https://v.qq.com/x/page/v08433qfypm.html,,Caocao,2.0
2019.0,spring,LDL,1,EDGY,SG,EDGY,SG,https://lpl.qq.com/es/stats.shtml?bmid=4504,https://v.qq.com/x/page/v0843w9xcqh.html,,CH1rry,1.0
2019.0,spring,LDL,1,,,SG,EDGY,https://lpl.qq.com/es/stats.shtml?bmid=4504,https://v.qq.com/x/page/g0843jokm0t.html,,Wuyou,2.0
2019.0,spring,LDL,1,SDP,YM,SDP,YM,https://lpl.qq.com/es/stats.shtml?bmid=4505,https://v.qq.com/x/page/m08435ahjft.html,,,1.0
2019.0,spring,LDL,1,,,YM,SDP,https://lpl.qq.com/es/stats.shtml?bmid=4505,https://v.qq.com/x/page/f0843l6trca.html,,,2.0
2019.0,spring,LDL,1,KOF,VTG,KOF,VTG,https://lpl.qq.com/es/stats.shtml?bmid=4506,https://v.qq.com/x/page/t0843j9z163.html,,AK,1.0
2019.0,spring,LDL,1,,,VTG,KOF,https://lpl.qq.com/es/stats.shtml?bmid=4506,https://v.qq.com/x/page/s0843ugxzp7.html,,Photic,2.0
2019.0,spring,LDL,1,BLGJ,SDX,BLGJ,SDX,https://lpl.qq.com/es/stats.shtml?bmid=4507,https://v.qq.com/x/page/s0843t9t1be.html,,,1.0
2019.0,spring,LDL,1,,,BLGJ,SDX,https://lpl.qq.com/es/stats.shtml?bmid=4507,https://v.qq.com/x/page/j084323xmhm.html,,Avenger0,2.0
2019.0,spring,LDL,1,,,SDX,BLGJ,https://lpl.qq.com/es/stats.shtml?bmid=4507,https://v.qq.com/x/page/y08439ayrtc.html,,,3.0
2019.0,spring,LDL,1,RWS,JDM,RWS,JDM,https://lpl.qq.com/es/stats.shtml?bmid=4508,https://v.qq.com/x/page/n0843ju9z72.html,,Caocao,1.0
2019.0,spring,LDL,1,,,JDM,RWS,https://lpl.qq.com/es/stats.shtml?bmid=4508,https://v.qq.com/x/page/s08449wbkav.html,,Morgan,2.0
2019.0,spring,LDL,1,,,RWS,JDM,https://lpl.qq.com/es/stats.shtml?bmid=4508,https://v.qq.com/x/page/q0844c0a7et.html,,A02,3.0
2019.0,spring,LDL,1,SWD,LGE,LGE,SWD,https://lpl.qq.com/es/stats.shtml?bmid=4509,https://v.qq.com/x/page/l0844wwfeyf.html,,BadeMan,1.0
2019.0,spring,LDL,1,,,SWD,LGE,https://lpl.qq.com/es/stats.shtml?bmid=4509,https://v.qq.com/x/page/e0844xkrqhp.html,,ZBB,2.0
2019.0,spring,LDL,1,FPB,LEG,LEG,FPB,https://lpl.qq.com/es/stats.shtml?bmid=4510,https://v.qq.com/x/page/z084457bd2x.html,,Assqssin,1.0
2019.0,spring,LDL,1,,,FPB,LEG,https://lpl.qq.com/es/stats.shtml?bmid=4510,https://v.qq.com/x/page/q0844grnfik.html,,Assqssin,2.0
2019.0,spring,LDL,1,WEA,TSG,TSG,WEA,https://lpl.qq.com/es/stats.shtml?bmid=4511,https://v.qq.com/x/page/q0844u4c4y5.html,,,1.0
2019.0,spring,LDL,1,,,WEA,TSG,https://lpl.qq.com/es/stats.shtml?bmid=4511,https://v.qq.com/x/page/x0844rvm44u.html,,,2.0
2019.0,spring,LDL,1,SNS,87,SNS,87,https://lpl.qq.com/es/stats.shtml?bmid=4513,https://v.qq.com/x/page/e0844s5unm2.html,,,1.0
2019.0,spring,LDL,1,,,87,SNS,https://lpl.qq.com/es/stats.shtml?bmid=4513,https://v.qq.com/x/page/o0844nbb4o1.html,,,2.0
2019.0,spring,LDL,1,VP,UP,VP,UP,https://lpl.qq.com/es/stats.shtml?bmid=4512,https://v.qq.com/x/page/q0844cmjovm.html,,Fdy,1.0
2019.0,spring,LDL,1,,,VP,UP,https://lpl.qq.com/es/stats.shtml?bmid=4512,https://v.qq.com/x/page/f0844nvurac.html,,Cube,2.0
2019.0,spring,LDL,1,,,VP,UP,https://lpl.qq.com/es/stats.shtml?bmid=4512,https://v.qq.com/x/page/y0844y5zbwm.html,,Fdy,3.0
2019.0,spring,LDL,1,KOF,VP,VP,KOF,https://lpl.qq.com/es/stats.shtml?bmid=4514,https://v.qq.com/x/page/f084413o84g.html,,Mantouz,1.0
2019.0,spring,LDL,1,,,VP,KOF,https://lpl.qq.com/es/stats.shtml?bmid=4514,https://v.qq.com/x/page/h0844266g0e.html,,Photic,2.0
2019.0,spring,LDL,1,IGY,SDX,IGY,SDX,https://lpl.qq.com/es/stats.shtml?bmid=4515,https://v.qq.com/x/page/g0844emkvcg.html,,Avenger0,1.0
2019.0,spring,LDL,1,,,IGY,SDX,https://lpl.qq.com/es/stats.shtml?bmid=4515,https://v.qq.com/x/page/i0844loap6v.html,,Carl,2.0
2019.0,spring,LDL,1,,,IGY,SDX,https://lpl.qq.com/es/stats.shtml?bmid=4515,https://v.qq.com/x/page/q0844vzezme.html,,Carl,3.0
2019.0,spring,LDL,1,VGP,SG,SG,VGP,https://lpl.qq.com/es/stats.shtml?bmid=4516,https://v.qq.com/x/page/z0844jpk9w1.html,,CHange,1.0
2019.0,spring,LDL,1,,,SG,VGP,https://lpl.qq.com/es/stats.shtml?bmid=4516,https://v.qq.com/x/page/o0844q94ufj.html,,L1zzie,2.0
2019.0,spring,LDL,1,OMD,YM,YM,OMD,https://lpl.qq.com/es/stats.shtml?bmid=4517,https://v.qq.com/x/page/c0844ardtsk.html,,,1.0
2019.0,spring,LDL,1,,,OMD,YM,https://lpl.qq.com/es/stats.shtml?bmid=4517,https://v.qq.com/x/page/q084422yfud.html,,,2.0
2019.0,spring,LDL,1,RYL,GD,RYL,GD,https://lpl.qq.com/es/stats.shtml?bmid=4519,https://v.qq.com/x/page/e0844rjlyh6.html,,Till,1.0
2019.0,spring,LDL,1,,,GD,RYL,https://lpl.qq.com/es/stats.shtml?bmid=4519,https://v.qq.com/x/page/q08443c6feq.html,,Till,2.0
2019.0,spring,LDL,1,JDM,VTG,JDM,VTG,https://lpl.qq.com/es/stats.shtml?bmid=4518,https://v.qq.com/x/page/p0844g5u8wo.html,,,1.0
2019.0,spring,LDL,1,,,VTG,JDM,https://lpl.qq.com/es/stats.shtml?bmid=4518,https://v.qq.com/x/page/y0844yjp8xg.html,,Xiaohan,2.0
2019.0,spring,LDL,2,TSG,SDX,SDX,TSG,https://lpl.qq.com/es/stats.shtml?bmid=4520,https://v.qq.com/x/page/i0845hq35e0.html,,unicorn,1.0
2019.0,spring,LDL,2,,,TSG,SDX,https://lpl.qq.com/es/stats.shtml?bmid=4520,https://v.qq.com/x/page/w0845tavaw4.html,,ShaDow,2.0
2019.0,spring,LDL,2,RWS,SNS,RWS,SNS,https://lpl.qq.com/es/stats.shtml?bmid=4523,https://v.qq.com/x/page/h0845durhxg.html,,,1.0
2019.0,spring,LDL,2,,,RWS,SNS,https://lpl.qq.com/es/stats.shtml?bmid=4523,https://v.qq.com/x/page/j0845o2mvqk.html,,,2.0
2019.0,spring,LDL,2,BLGJ,EDGY,EDGY,BLGJ,https://lpl.qq.com/es/stats.shtml?bmid=4521,https://v.qq.com/x/page/e0845d0s9ir.html,,Alielie,1.0
2019.0,spring,LDL,2,,,EDGY,BLGJ,https://lpl.qq.com/es/stats.shtml?bmid=4521,https://v.qq.com/x/page/n08453hsuos.html,,yimeng,2.0
2019.0,spring,LDL,2,,,BLGJ,EDGY,https://lpl.qq.com/es/stats.shtml?bmid=4521,https://v.qq.com/x/page/j08458118ph.html,,Moonlight,3.0
2019.0,spring,LDL,2,LEG,GD,GD,LEG,https://lpl.qq.com/es/stats.shtml?bmid=4522,https://v.qq.com/x/page/v08453y72po.html,,,1.0
2019.0,spring,LDL,2,,,LEG,GD,https://lpl.qq.com/es/stats.shtml?bmid=4522,https://v.qq.com/x/page/m0845i4n0ie.html,,,2.0
2019.0,spring,LDL,2,KOF,SDP,SDP,KOF,https://lpl.qq.com/es/stats.shtml?bmid=4524,https://v.qq.com/x/page/k08455ncbxq.html,,AK,1.0
2019.0,spring,LDL,2,,,SDP,KOF,https://lpl.qq.com/es/stats.shtml?bmid=4524,https://v.qq.com/x/page/o08457rndff.html,,Photic,2.0
2019.0,spring,LDL,2,WEA,SWD,SWD,WEA,https://lpl.qq.com/es/stats.shtml?bmid=4525,https://v.qq.com/x/page/f08453a01ay.html,,keke,1.0
2019.0,spring,LDL,2,,,WEA,SWD,https://lpl.qq.com/es/stats.shtml?bmid=4525,https://v.qq.com/x/page/n0845h5hwwn.html,,hy,2.0
2019.0,spring,LDL,2,,,SWD,WEA,https://lpl.qq.com/es/stats.shtml?bmid=4525,https://v.qq.com/x/page/v0845o4cpxr.html,,chenlun17,3.0
2019.0,spring,LDL,2,FPB,VP,VP,FPB,https://lpl.qq.com/es/stats.shtml?bmid=4526,https://v.qq.com/x/page/k08463dr5ye.html,,1ntruder,1.0
2019.0,spring,LDL,2,,,FPB,VP,https://lpl.qq.com/es/stats.shtml?bmid=4526,https://v.qq.com/x/page/z0846hf4ge5.html,,Cepted,2.0
2019.0,spring,LDL,2,,,VP,FPB,https://lpl.qq.com/es/stats.shtml?bmid=4526,https://v.qq.com/x/page/b0846rd241v.html,,Xiao7,3.0
2019.0,spring,LDL,2,BLGJ,RYL,RYL,BLGJ,https://lpl.qq.com/es/stats.shtml?bmid=4527,https://v.qq.com/x/page/n0846t62mva.html,,xiaoliulian,1.0
2019.0,spring,LDL,2,,,BLGJ,RYL,https://lpl.qq.com/es/stats.shtml?bmid=4527,https://v.qq.com/x/page/i0846ypdg4n.html,,Cake,2.0
2019.0,spring,LDL,2,,,BLGJ,RYL,https://lpl.qq.com/es/stats.shtml?bmid=4527,https://v.qq.com/x/page/z0846by48im.html,,Alielie,3.0
2019.0,spring,LDL,2,87,YM,87,YM,https://lpl.qq.com/es/stats.shtml?bmid=4528,https://v.qq.com/x/page/n0846bvo23k.html,,,1.0
2019.0,spring,LDL,2,,,87,YM,https://lpl.qq.com/es/stats.shtml?bmid=4528,https://v.qq.com/x/page/x0846skyk1k.html,,,2.0
2019.0,spring,LDL,2,UP,SDX,SDX,UP,https://lpl.qq.com/es/stats.shtml?bmid=4529,https://v.qq.com/x/page/j0846rhnwau.html,,Avenger0,1.0
2019.0,spring,LDL,2,,,SDX,UP,https://lpl.qq.com/es/stats.shtml?bmid=4529,https://v.qq.com/x/page/s08461eiblr.html,,,2.0
2019.0,spring,LDL,2,JDM,OMD,OMD,JDM,https://lpl.qq.com/es/stats.shtml?bmid=4530,https://v.qq.com/x/page/t08461osdux.html,,,1.0
2019.0,spring,LDL,2,,,JDM,OMD,https://lpl.qq.com/es/stats.shtml?bmid=4530,https://v.qq.com/x/page/f0846k12lcf.html,,,2.0
2019.0,spring,LDL,2,SG,VTG,SG,VTG,https://lpl.qq.com/es/stats.shtml?bmid=4531,https://v.qq.com/x/page/g08467iagb3.html,,XXD,1.0
2019.0,spring,LDL,2,,,SG,VTG,https://lpl.qq.com/es/stats.shtml?bmid=4531,https://v.qq.com/x/page/x08467aq9cz.html,,XPZ,2.0
2019.0,spring,LDL,2,,,SG,VTG,https://lpl.qq.com/es/stats.shtml?bmid=4531,https://v.qq.com/x/page/j0846mo7h88.html,,CH1rry,3.0
2019.0,spring,LDL,2,IGY,VGP,IGY,VGP,https://lpl.qq.com/es/stats.shtml?bmid=4532,https://v.qq.com/x/page/a0846209zs2.html,,,1.0
2019.0,spring,LDL,2,,,IGY,VGP,https://lpl.qq.com/es/stats.shtml?bmid=4532,https://v.qq.com/x/page/p0846lokh0p.html,,,2.0
2019.0,spring,LDL,2,YM,GD,YM,GD,https://lpl.qq.com/es/stats.shtml?bmid=4533,https://v.qq.com/x/page/r0846j0fk9d.html,,xiaolongbao,1.0
2019.0,spring,LDL,2,,,YM,GD,https://lpl.qq.com/es/stats.shtml?bmid=4533,https://v.qq.com/x/page/v0846qqv819.html,,CJJ,2.0
2019.0,spring,LDL,2,SDP,RWS,RWS,SDP,https://lpl.qq.com/es/stats.shtml?bmid=4534,https://v.qq.com/x/page/j08463pmsfs.html,,,1.0
2019.0,spring,LDL,2,,,RWS,SDP,https://lpl.qq.com/es/stats.shtml?bmid=4534,https://v.qq.com/x/page/q0846gbpmiu.html,,melody,2.0
2019.0,spring,LDL,2,,,RWS,SDP,https://lpl.qq.com/es/stats.shtml?bmid=4534,https://v.qq.com/x/page/g0846pwaruh.html,,,3.0
2019.0,spring,LDL,2,EDGY,KOF,EDGY,KOF,https://lpl.qq.com/es/stats.shtml?bmid=4535,https://v.qq.com/x/page/j0846zol3ih.html,,BBD,1.0
2019.0,spring,LDL,2,,,EDGY,KOF,https://lpl.qq.com/es/stats.shtml?bmid=4535,https://v.qq.com/x/page/v08462bfwxs.html,,BBD,2.0
2019.0,spring,LDL,2,87,LGE,87,LGE,https://lpl.qq.com/es/stats.shtml?bmid=4536,https://v.qq.com/x/page/e0846w4vuy8.html,,,1.0
2019.0,spring,LDL,2,,,LGE,87,https://lpl.qq.com/es/stats.shtml?bmid=4536,https://v.qq.com/x/page/i0846k62a13.html,,,2.0
2019.0,spring,LDL,2,,,87,LGE,https://lpl.qq.com/es/stats.shtml?bmid=4536,https://v.qq.com/x/page/j08466o181m.html,,,3.0
2019.0,spring,LDL,2,SNS,WEA,SNS,WEA,https://lpl.qq.com/es/stats.shtml?bmid=4537,https://v.qq.com/x/page/u0846p160g4.html,,hardgirl,1.0
2019.0,spring,LDL,2,,,WEA,SNS,https://lpl.qq.com/es/stats.shtml?bmid=4537,https://v.qq.com/x/page/z0846amd4w7.html,,spunk,2.0
2019.0,spring,LDL,2,SWD,FPB,SWD,FPB,https://lpl.qq.com/es/stats.shtml?bmid=4538,https://v.qq.com/x/page/w0846tvsrjq.html,,dzs,1.0
2019.0,spring,LDL,2,,,FPB,SWD,https://lpl.qq.com/es/stats.shtml?bmid=4538,https://v.qq.com/x/page/u0846fujz6j.html,,Light,2.0
2019.0,spring,LDL,2,BLGJ,OMD,OMD,BLGJ,https://lpl.qq.com/es/stats.shtml?bmid=4539,https://v.qq.com/x/page/n0846tblzvz.html,,Alielie,1.0
2019.0,spring,LDL,2,,,BLGJ,OMD,https://lpl.qq.com/es/stats.shtml?bmid=4539,https://v.qq.com/x/page/o0846kqiq5v.html,,Xmq,2.0
2019.0,spring,LDL,2,,,BLGJ,OMD,https://lpl.qq.com/es/stats.shtml?bmid=4539,https://v.qq.com/x/page/g0847ofhvyf.html,,Curse,3.0
2019.0,spring,LDL,2,VP,IGY,IGY,VP,https://lpl.qq.com/es/stats.shtml?bmid=4540,https://v.qq.com/x/page/v0847r570ki.html,,Carl,1.0
2019.0,spring,LDL,2,,,VP,IGY,https://lpl.qq.com/es/stats.shtml?bmid=4540,https://v.qq.com/x/page/e0847sugeug.html,,Carl,2.0
2019.0,spring,LDL,2,TSG,LEG,LEG,TSG,https://lpl.qq.com/es/stats.shtml?bmid=4541,https://v.qq.com/x/page/w0847v3lku1.html,,Closer,1.0
2019.0,spring,LDL,2,,,LEG,TSG,https://lpl.qq.com/es/stats.shtml?bmid=4541,https://v.qq.com/x/page/x084721c2yw.html,,shanji,2.0
2019.0,spring,LDL,2,,,LEG,TSG,https://lpl.qq.com/es/stats.shtml?bmid=4541,https://v.qq.com/x/page/z0847asvpth.html,,catjug,3.0
2019.0,spring,LDL,2,VGP,JDM,JDM,VGP,https://lpl.qq.com/es/stats.shtml?bmid=4542,https://v.qq.com/x/page/k08478tmidu.html,,,1.0
2019.0,spring,LDL,2,,,JDM,VGP,https://lpl.qq.com/es/stats.shtml?bmid=4542,https://v.qq.com/x/page/s0847sdmen1.html,,,2.0
2019.0,spring,LDL,2,UP,SG,UP,SG,https://lpl.qq.com/es/stats.shtml?bmid=4543,https://v.qq.com/x/page/x0847i5z397.html,,CHange,1.0
2019.0,spring,LDL,2,,,SG,UP,https://lpl.qq.com/es/stats.shtml?bmid=4543,https://v.qq.com/x/page/y08477sumsp.html,,Steel,2.0
2019.0,spring,LDL,2,,,UP,SG,https://lpl.qq.com/es/stats.shtml?bmid=4543,https://v.qq.com/x/page/c0847iex59a.html,,Wuyou,3.0
2019.0,spring,LDL,2,EDGY,RYL,EDGY,RYL,https://lpl.qq.com/es/stats.shtml?bmid=4544,https://v.qq.com/x/page/s0847jrtqxw.html,,,1.0
2019.0,spring,LDL,2,,,EDGY,RYL,https://lpl.qq.com/es/stats.shtml?bmid=4544,https://v.qq.com/x/page/c08471o773d.html,,,2.0
2019.0,spring,LDL,2,,,EDGY,RYL,https://lpl.qq.com/es/stats.shtml?bmid=4544,https://v.qq.com/x/page/j08470icnqv.html,,,3.0
2019.0,spring,LDL,2,KOF,RWS,RWS,KOF,https://lpl.qq.com/es/stats.shtml?bmid=4545,https://v.qq.com/x/page/j0847hqb1rz.html,,WeiYan,1.0
2019.0,spring,LDL,2,,,RWS,KOF,https://lpl.qq.com/es/stats.shtml?bmid=4545,https://v.qq.com/x/page/o0847nhpurv.html,,Holder,2.0
2019.0,spring,LDL,2,SDP,SNS,SDP,SNS,https://lpl.qq.com/es/stats.shtml?bmid=4546,https://v.qq.com/x/page/w08470t2jx9.html,,Aitong,1.0
2019.0,spring,LDL,2,,,SNS,SDP,https://lpl.qq.com/es/stats.shtml?bmid=4546,https://v.qq.com/x/page/y0847v864t5.html,,Aitong,2.0
2019.0,spring,LDL,2,SDX,VTG,SDX,VTG,https://lpl.qq.com/es/stats.shtml?bmid=4547,https://v.qq.com/x/page/m084743mjm8.html,,997,1.0
2019.0,spring,LDL,2,,,SDX,VTG,https://lpl.qq.com/es/stats.shtml?bmid=4547,https://v.qq.com/x/page/t0847sx3t1c.html,,ShaDow,2.0
2019.0,spring,LDL,2,,,VTG,SDX,https://lpl.qq.com/es/stats.shtml?bmid=4547,https://v.qq.com/x/page/u084713dmna.html,,ShaDow,3.0
2019.0,spring,LDL,2,SWD,VP,VP,SWD,https://lpl.qq.com/es/stats.shtml?bmid=4548,https://v.qq.com/x/page/o0847liob6l.html,,Feng,1.0
2019.0,spring,LDL,2,,,SWD,VP,https://lpl.qq.com/es/stats.shtml?bmid=4548,https://v.qq.com/x/page/m0847l4jp31.html,,Light,2.0
2019.0,spring,LDL,2,87,GD,GD,87,https://lpl.qq.com/es/stats.shtml?bmid=4549,https://v.qq.com/x/page/h0847of1j2v.html,,XC,1.0
2019.0,spring,LDL,2,,,87,GD,https://lpl.qq.com/es/stats.shtml?bmid=4549,https://v.qq.com/x/page/p08476m4qkv.html,,Kore,2.0
2019.0,spring,LDL,2,WEA,FPB,FPB,WEA,https://lpl.qq.com/es/stats.shtml?bmid=4550,https://v.qq.com/x/page/c0847404760.html,,hardgirl,1.0
2019.0,spring,LDL,2,,,WEA,FPB,https://lpl.qq.com/es/stats.shtml?bmid=4550,https://v.qq.com/x/page/v0847m6831d.html,,spunk,2.0
2019.0,spring,LDL,3,SWD,JDM,JDM,SWD,https://lpl.qq.com/es/stats.shtml?bmid=4551,,,Feng,1.0
2019.0,spring,LDL,3,,,SWD,JDM,https://lpl.qq.com/es/stats.shtml?bmid=4551,,,clx,2.0
2019.0,spring,LDL,3,,,JDM,SWD,https://lpl.qq.com/es/stats.shtml?bmid=4551,,,clx,3.0
2019.0,spring,LDL,3,EDGY,87,EDGY,87,https://lpl.qq.com/es/stats.shtml?bmid=4552,,,Brave,1.0
2019.0,spring,LDL,3,,,87,EDGY,https://lpl.qq.com/es/stats.shtml?bmid=4552,,,Brave,2.0
2019.0,spring,LDL,3,RWS,LEG,LEG,RWS,https://lpl.qq.com/es/stats.shtml?bmid=4553,,,Viod,1.0
2019.0,spring,LDL,3,,,RWS,LEG,https://lpl.qq.com/es/stats.shtml?bmid=4553,,,catjug,2.0
2019.0,spring,LDL,3,KOF,TSG,KOF,TSG,https://lpl.qq.com/es/stats.shtml?bmid=4554,,,,1.0
2019.0,spring,LDL,3,,,TSG,KOF,https://lpl.qq.com/es/stats.shtml?bmid=4554,,,,2.0
2019.0,spring,LDL,3,SDP,LGE,LGE,SDP,https://lpl.qq.com/es/stats.shtml?bmid=4555,,,BadeMan,1.0
2019.0,spring,LDL,3,,,SDP,LGE,https://lpl.qq.com/es/stats.shtml?bmid=4555,,,melody,2.0
2019.0,spring,LDL,3,,,LGE,SDP,https://lpl.qq.com/es/stats.shtml?bmid=4555,,,Lwandy,3.0
2019.0,spring,LDL,3,SNS,UP,SNS,UP,https://lpl.qq.com/es/stats.shtml?bmid=4556,,,Steel,1.0
2019.0,spring,LDL,3,,,SNS,UP,https://lpl.qq.com/es/stats.shtml?bmid=4556,,,Ytt,2.0
2019.0,spring,LDL,3,BLGJ,SNS,SNS,BLGJ,https://lpl.qq.com/es/stats.shtml?bmid=4557,,,M1anhua,1.0
2019.0,spring,LDL,3,,,SNS,BLGJ,https://lpl.qq.com/es/stats.shtml?bmid=4557,,,xiaoliulian,2.0
2019.0,spring,LDL,3,SWD,SG,SWD,SG,https://lpl.qq.com/es/stats.shtml?bmid=4558,,,Try9,1.0
2019.0,spring,LDL,3,,,SWD,SG,https://lpl.qq.com/es/stats.shtml?bmid=4558,,,chenlun17,2.0
2019.0,spring,LDL,3,,,SWD,SG,https://lpl.qq.com/es/stats.shtml?bmid=4558,,,JDM,3.0
2019.0,spring,LDL,3,VP,YM,VP,YM,https://lpl.qq.com/es/stats.shtml?bmid=4559,,,CJJ,1.0
2019.0,spring,LDL,3,,,YM,VP,https://lpl.qq.com/es/stats.shtml?bmid=4559,,,Pang,2.0
2019.0,spring,LDL,3,,,VP,YM,https://lpl.qq.com/es/stats.shtml?bmid=4559,,,CJJ,3.0
2019.0,spring,LDL,3,WEA,SDX,WEA,SDX,https://lpl.qq.com/es/stats.shtml?bmid=4560,,,hy,1.0
2019.0,spring,LDL,3,,,SDX,WEA,https://lpl.qq.com/es/stats.shtml?bmid=4560,,,,2.0
2019.0,spring,LDL,3,,,WEA,SDX,https://lpl.qq.com/es/stats.shtml?bmid=4560,,,fortunate,3.0
2019.0,spring,LDL,3,IGY,GD,IGY,GD,https://lpl.qq.com/es/stats.shtml?bmid=4561,,,Carl,1.0
2019.0,spring,LDL,3,,,IGY,GD,https://lpl.qq.com/es/stats.shtml?bmid=4561,,,xinnu,2.0
2019.0,spring,LDL,3,,,GD,IGY,https://lpl.qq.com/es/stats.shtml?bmid=4561,,,xinnu,3.0
2019.0,spring,LDL,3,FPB,VTG,FPB,VTG,https://lpl.qq.com/es/stats.shtml?bmid=4562,,,,1.0
2019.0,spring,LDL,3,,,VTG,FPB,https://lpl.qq.com/es/stats.shtml?bmid=4562,,,,2.0
2019.0,spring,LDL,3,,,FPB,VTG,https://lpl.qq.com/es/stats.shtml?bmid=4562,,,,3.0
2019.0,spring,LDL,3,RYL,LEG,LEG,RYL,https://lpl.qq.com/es/stats.shtml?bmid=4564,,,catjug,1.0
2019.0,spring,LDL,3,,,LEG,RYL,https://lpl.qq.com/es/stats.shtml?bmid=4564,,,YanXuan,2.0
2019.0,spring,LDL,3,VGP,87,VGP,87,https://lpl.qq.com/es/stats.shtml?bmid=4565,,,XC,1.0
2019.0,spring,LDL,3,,,87,VGP,https://lpl.qq.com/es/stats.shtml?bmid=4565,,,Dustwind,2.0
2019.0,spring,LDL,3,,,VGP,87,https://lpl.qq.com/es/stats.shtml?bmid=4565,,,X41007,3.0
2019.0,spring,LDL,3,OMD,LGE,OMD,LGE,https://lpl.qq.com/es/stats.shtml?bmid=4566,,,,1.0
2019.0,spring,LDL,3,,,LGE,OMD,https://lpl.qq.com/es/stats.shtml?bmid=4566,,,,2.0
2019.0,spring,LDL,3,,,OMD,LGE,https://lpl.qq.com/es/stats.shtml?bmid=4566,,,,3.0
2019.0,spring,LDL,3,JDM,TSG,JDM,TSG,https://lpl.qq.com/es/stats.shtml?bmid=4567,,,Irma,1.0
2019.0,spring,LDL,3,,,JDM,TSG,https://lpl.qq.com/es/stats.shtml?bmid=4567,,,Closer,2.0
2019.0,spring,LDL,3,BLGJ,UP,BLGJ,UP,https://lpl.qq.com/es/stats.shtml?bmid=4568,,,,1.0
2019.0,spring,LDL,3,,,BLGJ,UP,https://lpl.qq.com/es/stats.shtml?bmid=4568,,,,2.0
2019.0,spring,LDL,3,RWS,IGY,IGY,RWS,https://lpl.qq.com/es/stats.shtml?bmid=4563,,,xin,1.0
2019.0,spring,LDL,3,,,RWS,IGY,https://lpl.qq.com/es/stats.shtml?bmid=4563,,,705,2.0
2019.0,spring,LDL,3,WEA,RYL,WEA,RYL,https://lpl.qq.com/es/stats.shtml?bmid=4569,,,Teacherma,1.0
2019.0,spring,LDL,3,,,WEA,RYL,https://lpl.qq.com/es/stats.shtml?bmid=4569,,,fortunate,2.0
2019.0,spring,LDL,3,SDP,VTG,SDP,VTG,https://lpl.qq.com/es/stats.shtml?bmid=4570,,,,1.0
2019.0,spring,LDL,3,,,VTG,SDP,https://lpl.qq.com/es/stats.shtml?bmid=4570,,,Kay,2.0
2019.0,spring,LDL,3,RWS,YM,RWS,YM,https://lpl.qq.com/es/stats.shtml?bmid=4571,,,Killua,1.0
2019.0,spring,LDL,3,,,RWS,YM,https://lpl.qq.com/es/stats.shtml?bmid=4571,,,Holder,2.0
2019.0,spring,LDL,3,EDGY,SDX,SDX,EDGY,https://lpl.qq.com/es/stats.shtml?bmid=4572,,,,1.0
2019.0,spring,LDL,3,,,SDX,EDGY,https://lpl.qq.com/es/stats.shtml?bmid=4572,,,,2.0
2019.0,spring,LDL,3,,,SDX,EDGY,https://lpl.qq.com/es/stats.shtml?bmid=4572,,,,3.0
2019.0,spring,LDL,3,SNS,GD,SNS,GD,https://lpl.qq.com/es/stats.shtml?bmid=4573,,,h1rb,1.0
2019.0,spring,LDL,3,,,SNS,GD,https://lpl.qq.com/es/stats.shtml?bmid=4573,,,,2.0
2019.0,spring,LDL,3,,,SNS,GD,https://lpl.qq.com/es/stats.shtml?bmid=4573,,,Till,3.0
2019.0,spring,LDL,3,KOF,SG,KOF,SG,https://lpl.qq.com/es/stats.shtml?bmid=4574,,,,1.0
2019.0,spring,LDL,3,,,KOF,SG,https://lpl.qq.com/es/stats.shtml?bmid=4574,,,,2.0
2019.0,spring,LDL,3,SDP,OMD,SDP,OMD,https://lpl.qq.com/es/stats.shtml?bmid=4575,,,melody,1.0
2019.0,spring,LDL,3,,,OMD,SDP,https://lpl.qq.com/es/stats.shtml?bmid=4575,,,LiLian,2.0
2019.0,spring,LDL,3,SWD,TSG,SWD,TSG,https://lpl.qq.com/es/stats.shtml?bmid=4576,,,Irma,1.0
2019.0,spring,LDL,3,,,SWD,TSG,https://lpl.qq.com/es/stats.shtml?bmid=4576,,,sixsix9,2.0
2019.0,spring,LDL,3,FPB,LGE,LGE,FPB,https://lpl.qq.com/es/stats.shtml?bmid=4577,,,,1.0
2019.0,spring,LDL,3,,,FPB,LGE,https://lpl.qq.com/es/stats.shtml?bmid=4577,,,,2.0
2019.0,spring,LDL,3,,,LGE,FPB,https://lpl.qq.com/es/stats.shtml?bmid=4577,,,,3.0
2019.0,spring,LDL,3,VP,LEG,LEG,VP,https://lpl.qq.com/es/stats.shtml?bmid=4578,,,,1.0
2019.0,spring,LDL,3,,,VP,LEG,https://lpl.qq.com/es/stats.shtml?bmid=4578,,,,2.0
2019.0,spring,LDL,3,WEA,87,WEA,87,https://lpl.qq.com/es/stats.shtml?bmid=4579,,,Xiaomin,1.0
2019.0,spring,LDL,3,,,WEA,87,https://lpl.qq.com/es/stats.shtml?bmid=4579,,,spunk,2.0
2019.0,spring,LDL,3,,,WEA,87,https://lpl.qq.com/es/stats.shtml?bmid=4579,,,hy,3.0
2019.0,spring,LDL,3,IGY,UP,IGY,UP,https://lpl.qq.com/es/stats.shtml?bmid=4580,,,,1.0
2019.0,spring,LDL,3,,,UP,IGY,https://lpl.qq.com/es/stats.shtml?bmid=4580,,,Ytt,2.0
2019.0,spring,LDL,3,,,IGY,UP,https://lpl.qq.com/es/stats.shtml?bmid=4580,,,,3.0
2019.0,spring,LDL,3,EDGY,FPB,FPB,EDGY,https://lpl.qq.com/es/stats.shtml?bmid=4581,,,yimeng,1.0
2019.0,spring,LDL,3,,,FPB,EDGY,https://lpl.qq.com/es/stats.shtml?bmid=4581,,,Yoghurt,2.0
2019.0,spring,LDL,3,,,FPB,EDGY,https://lpl.qq.com/es/stats.shtml?bmid=4581,,,Yoghurt,3.0
2019.0,spring,LDL,3,VGP,SDX,SDX,VGP,https://lpl.qq.com/es/stats.shtml?bmid=4582,,,,1.0
2019.0,spring,LDL,3,,,SDX,VGP,https://lpl.qq.com/es/stats.shtml?bmid=4582,,,Avenger0,2.0
2019.0,spring,LDL,3,RYL,YM,RYL,YM,https://lpl.qq.com/es/stats.shtml?bmid=4583,,,Able,1.0
2019.0,spring,LDL,3,,,YM,RYL,https://lpl.qq.com/es/stats.shtml?bmid=4583,,,WEI,2.0
2019.0,spring,LDL,3,,,RYL,YM,https://lpl.qq.com/es/stats.shtml?bmid=4583,,,Puzzle,3.0
2019.0,spring,LDL,3,JDM,SG,SG,JDM,https://lpl.qq.com/es/stats.shtml?bmid=4584,,,,1.0
2019.0,spring,LDL,3,,,SG,JDM,https://lpl.qq.com/es/stats.shtml?bmid=4584,,,,2.0
2019.0,spring,LDL,3,,,SG,JDM,https://lpl.qq.com/es/stats.shtml?bmid=4584,,,,3.0
2019.0,spring,LDL,3,BLGJ,GD,BLGJ,GD,https://lpl.qq.com/es/stats.shtml?bmid=4585,,,HanXuan,1.0
2019.0,spring,LDL,3,,,GD,BLGJ,https://lpl.qq.com/es/stats.shtml?bmid=4585,,,Alielie,2.0
2019.0,spring,LDL,3,OMD,VTG,VTG,OMD,https://lpl.qq.com/es/stats.shtml?bmid=4586,,,,1.0
2019.0,spring,LDL,3,,,VTG,OMD,https://lpl.qq.com/es/stats.shtml?bmid=4586,,,,2.0
2019.0,spring,LDL,4,VP,VGP,VGP,VP,https://lpl.qq.com/es/stats.shtml?bmid=4587,,,Wuy,1.0
2019.0,spring,LDL,4,,,VP,VGP,https://lpl.qq.com/es/stats.shtml?bmid=4587,,,1ntruder,2.0
2019.0,spring,LDL,4,IGY,JDM,JDM,IGY,https://lpl.qq.com/es/stats.shtml?bmid=4588,,,Xiaohan,1.0
2019.0,spring,LDL,4,,,IGY,JDM,https://lpl.qq.com/es/stats.shtml?bmid=4588,,,Fate,2.0
2019.0,spring,LDL,4,,,JDM,IGY,https://lpl.qq.com/es/stats.shtml?bmid=4588,,,xin,3.0
2019.0,spring,LDL,4,TSG,LGE,LGE,TSG,https://lpl.qq.com/es/stats.shtml?bmid=4589,,,New,1.0
2019.0,spring,LDL,4,,,LGE,TSG,https://lpl.qq.com/es/stats.shtml?bmid=4589,,,Irma,2.0
2019.0,spring,LDL,4,OMD,RYL,RYL,OMD,https://lpl.qq.com/es/stats.shtml?bmid=4590,,,,1.0
2019.0,spring,LDL,4,,,RYL,OMD,https://lpl.qq.com/es/stats.shtml?bmid=4590,,,,2.0
2019.0,spring,LDL,4,LEG,UP,LEG,UP,https://lpl.qq.com/es/stats.shtml?bmid=4591,,,shanji,1.0
2019.0,spring,LDL,4,,,UP,LEG,https://lpl.qq.com/es/stats.shtml?bmid=4591,,,catjug,2.0
2019.0,spring,LDL,4,BLGJ,KOF,BLGJ,KOF,https://lpl.qq.com/es/stats.shtml?bmid=4592,,,,1.0
2019.0,spring,LDL,4,,,KOF,BLGJ,https://lpl.qq.com/es/stats.shtml?bmid=4592,,,,2.0
2019.0,spring,LDL,4,SNS,SWD,SWD,SNS,https://lpl.qq.com/es/stats.shtml?bmid=4593,,,Light,1.0
2019.0,spring,LDL,4,,,SNS,SWD,https://lpl.qq.com/es/stats.shtml?bmid=4593,,,shark,2.0
2019.0,spring,LDL,4,,,SWD,SNS,https://lpl.qq.com/es/stats.shtml?bmid=4593,,,keke,3.0
2019.0,spring,LDL,4,RWS,WEA,WEA,RWS,https://lpl.qq.com/es/stats.shtml?bmid=4594,,,hy,1.0
2019.0,spring,LDL,4,,,RWS,WEA,https://lpl.qq.com/es/stats.shtml?bmid=4594,,,spunk,2.0
2019.0,spring,LDL,4,SDX,SG,SG,SDX,https://lpl.qq.com/es/stats.shtml?bmid=4595,,,XPZ,1.0
2019.0,spring,LDL,4,,,SDX,SG,https://lpl.qq.com/es/stats.shtml?bmid=4595,,,ShaDow,2.0
2019.0,spring,LDL,4,,,SG,SDX,https://lpl.qq.com/es/stats.shtml?bmid=4595,,,CH1rry,3.0
2019.0,spring,LDL,4,EDGY,SDP,EDGY,SDP,https://lpl.qq.com/es/stats.shtml?bmid=4596,,,,1.0
2019.0,spring,LDL,4,,,EDGY,SDP,https://lpl.qq.com/es/stats.shtml?bmid=4596,,,,2.0
2019.0,spring,LDL,4,VTG,YM,VTG,YM,https://lpl.qq.com/es/stats.shtml?bmid=4597,,,CJJ,1.0
2019.0,spring,LDL,4,,,YM,VTG,https://lpl.qq.com/es/stats.shtml?bmid=4597,,,Zhuang,2.0
2019.0,spring,LDL,4,FPB,IGY,FPB,IGY,https://lpl.qq.com/es/stats.shtml?bmid=4598,,,,1.0
2019.0,spring,LDL,4,,,IGY,FPB,https://lpl.qq.com/es/stats.shtml?bmid=4598,,,,2.0
2019.0,spring,LDL,4,VGP,OMD,VGP,OMD,https://lpl.qq.com/es/stats.shtml?bmid=4599,,,,1.0
2019.0,spring,LDL,4,,,OMD,VGP,https://lpl.qq.com/es/stats.shtml?bmid=4599,,,,2.0
2019.0,spring,LDL,4,,,OMD,VGP,https://lpl.qq.com/es/stats.shtml?bmid=4599,,,,3.0
2019.0,spring,LDL,4,87,UP,87,UP,https://lpl.qq.com/es/stats.shtml?bmid=4600,,,XC,1.0
2019.0,spring,LDL,4,,,UP,87,https://lpl.qq.com/es/stats.shtml?bmid=4600,,,Typhoon,2.0
2019.0,spring,LDL,4,,,87,UP,https://lpl.qq.com/es/stats.shtml?bmid=4600,,,Typhoon,3.0
2019.0,spring,LDL,4,JDM,RYL,RYL,JDM,https://lpl.qq.com/es/stats.shtml?bmid=4601,,,,1.0
2019.0,spring,LDL,4,,,RYL,JDM,https://lpl.qq.com/es/stats.shtml?bmid=4601,,,,2.0
2019.0,spring,LDL,4,TSG,GD,GD,TSG,https://lpl.qq.com/es/stats.shtml?bmid=4602,,,New,1.0
2019.0,spring,LDL,4,,,TSG,GD,https://lpl.qq.com/es/stats.shtml?bmid=4602,,,sixsix9,2.0
2019.0,spring,LDL,4,BLGJ,VP,VP,BLGJ,https://lpl.qq.com/es/stats.shtml?bmid=4603,,,,1.0
2019.0,spring,LDL,4,,,VP,BLGJ,https://lpl.qq.com/es/stats.shtml?bmid=4603,,,,2.0
2019.0,spring,LDL,4,,,BLGJ,VP,https://lpl.qq.com/es/stats.shtml?bmid=4603,,,,3.0
2019.0,spring,LDL,4,LGE,LEG,LEG,LGE,https://lpl.qq.com/es/stats.shtml?bmid=4604,,,YanXuan,1.0
2019.0,spring,LDL,4,,,LGE,LEG,https://lpl.qq.com/es/stats.shtml?bmid=4604,,,Captain,2.0
2019.0,spring,LDL,4,,,LEG,LGE,https://lpl.qq.com/es/stats.shtml?bmid=4604,,,Assqssin,3.0
2019.0,spring,LDL,4,KOF,FPB,FPB,KOF,https://lpl.qq.com/es/stats.shtml?bmid=4605,,,,1.0
2019.0,spring,LDL,4,,,KOF,FPB,https://lpl.qq.com/es/stats.shtml?bmid=4605,,,,2.0
2019.0,spring,LDL,4,,,FPB,KOF,https://lpl.qq.com/es/stats.shtml?bmid=4605,,,,3.0
2019.0,spring,LDL,4,EDGY,IGY,EDGY,IGY,https://lpl.qq.com/es/stats.shtml?bmid=4606,,,Carl,1.0
2019.0,spring,LDL,4,,,IGY,EDGY,https://lpl.qq.com/es/stats.shtml?bmid=4606,,,xin,2.0
2019.0,spring,LDL,4,SDP,WEA,WEA,SDP,https://lpl.qq.com/es/stats.shtml?bmid=4607,,,hardgirl,1.0
2019.0,spring,LDL,4,,,SDP,WEA,https://lpl.qq.com/es/stats.shtml?bmid=4607,,,hy,2.0
2019.0,spring,LDL,4,LEG,SDX,LEG,SDX,https://lpl.qq.com/es/stats.shtml?bmid=4608,,,,1.0
2019.0,spring,LDL,4,,,SDX,LEG,https://lpl.qq.com/es/stats.shtml?bmid=4608,,,Avenger0,2.0
2019.0,spring,LDL,4,,,LEG,SDX,https://lpl.qq.com/es/stats.shtml?bmid=4608,,,,3.0
2019.0,spring,LDL,4,RWS,SWD,RWS,SWD,https://lpl.qq.com/es/stats.shtml?bmid=4609,,,,1.0
2019.0,spring,LDL,4,,,SWD,RWS,https://lpl.qq.com/es/stats.shtml?bmid=4609,,,,2.0
2019.0,spring,LDL,4,UP,VTG,UP,VTG,https://lpl.qq.com/es/stats.shtml?bmid=4610,,,Cube,1.0
2019.0,spring,LDL,4,,,VTG,UP,https://lpl.qq.com/es/stats.shtml?bmid=4610,,,Steel,2.0
2019.0,spring,LDL,4,SNS,RYL,SNS,RYL,https://lpl.qq.com/es/stats.shtml?bmid=4611,,,,1.0
2019.0,spring,LDL,4,,,RYL,SNS,https://lpl.qq.com/es/stats.shtml?bmid=4611,,,,2.0
2019.0,spring,LDL,4,VP,OMD,OMD,VP,https://lpl.qq.com/es/stats.shtml?bmid=4612,,,Guoguo,1.0
2019.0,spring,LDL,4,,,VP,OMD,https://lpl.qq.com/es/stats.shtml?bmid=4612,,,Curse,2.0
2019.0,spring,LDL,4,BLGJ,JDM,BLGJ,JDM,https://lpl.qq.com/es/stats.shtml?bmid=4613,,,HanXuan,1.0
2019.0,spring,LDL,4,,,BLGJ,JDM,https://lpl.qq.com/es/stats.shtml?bmid=4613,,,xiaoliulian,2.0
2019.0,spring,LDL,4,SG,YM,YM,SG,https://lpl.qq.com/es/stats.shtml?bmid=4614,,,CJJ,1.0
2019.0,spring,LDL,4,,,SG,YM,https://lpl.qq.com/es/stats.shtml?bmid=4614,,,xiaolongbao,2.0
2019.0,spring,LDL,4,KOF,VGP,KOF,VGP,https://lpl.qq.com/es/stats.shtml?bmid=4615,,,,1.0
2019.0,spring,LDL,4,,,VGP,KOF,https://lpl.qq.com/es/stats.shtml?bmid=4615,,,,2.0
2019.0,spring,LDL,4,LGE,GD,LGE,GD,https://lpl.qq.com/es/stats.shtml?bmid=4616,,,Lwandy,1.0
2019.0,spring,LDL,4,,,GD,LGE,https://lpl.qq.com/es/stats.shtml?bmid=4616,,,Rikka,2.0
2019.0,spring,LDL,4,FPB,RWS,RWS,FPB,https://lpl.qq.com/es/stats.shtml?bmid=4617,,,,1.0
2019.0,spring,LDL,4,,,FPB,RWS,https://lpl.qq.com/es/stats.shtml?bmid=4617,,,,2.0
2019.0,spring,LDL,5,SWD,RYL,SWD,RYL,https://lpl.qq.com/es/stats.shtml?bmid=4618,,,dzs,1.0
2019.0,spring,LDL,5,,,RYL,SWD,https://lpl.qq.com/es/stats.shtml?bmid=4618,,,dzs,2.0
2019.0,spring,LDL,5,WEA,UP,WEA,UP,https://lpl.qq.com/es/stats.shtml?bmid=4619,,,fortunate,1.0
2019.0,spring,LDL,5,,,UP,WEA,https://lpl.qq.com/es/stats.shtml?bmid=4619,,,Ytt,2.0
2019.0,spring,LDL,5,,,WEA,UP,https://lpl.qq.com/es/stats.shtml?bmid=4619,,,fortunate,3.0
2019.0,spring,LDL,5,SNS,LEG,SNS,LEG,https://lpl.qq.com/es/stats.shtml?bmid=4620,,,YanXuan,1.0
2019.0,spring,LDL,5,,,LEG,SNS,https://lpl.qq.com/es/stats.shtml?bmid=4620,,,Assqssin,2.0
2019.0,spring,LDL,5,SDP,TSG,SDP,TSG,https://lpl.qq.com/es/stats.shtml?bmid=4621,,,,1.0
2019.0,spring,LDL,5,,,TSG,SDP,https://lpl.qq.com/es/stats.shtml?bmid=4621,,,,2.0
2019.0,spring,LDL,5,KOF,87,KOF,87,https://lpl.qq.com/es/stats.shtml?bmid=4622,,,XC,1.0
2019.0,spring,LDL,5,,,87,KOF,https://lpl.qq.com/es/stats.shtml?bmid=4622,,,X41007,2.0
2019.0,spring,LDL,5,EDGY,GD,EDGY,GD,https://lpl.qq.com/es/stats.shtml?bmid=4623,,,,1.0
2019.0,spring,LDL,5,,,GD,EDGY,https://lpl.qq.com/es/stats.shtml?bmid=4623,,,,2.0
2019.0,spring,LDL,5,,,EDGY,GD,https://lpl.qq.com/es/stats.shtml?bmid=4623,,,,3.0
2019.0,spring,LDL,5,SDP,VGP,SDP,VGP,https://lpl.qq.com/es/stats.shtml?bmid=4624,,,Amaj,1.0
2019.0,spring,LDL,5,,,SDP,VGP,https://lpl.qq.com/es/stats.shtml?bmid=4624,,,LiLian,2.0
2019.0,spring,LDL,5,IGY,YM,IGY,YM,https://lpl.qq.com/es/stats.shtml?bmid=4625,,,xiaolongbao,1.0
2019.0,spring,LDL,5,,,YM,IGY,https://lpl.qq.com/es/stats.shtml?bmid=4625,,,,2.0
2019.0,spring,LDL,5,FPB,SG,SG,FPB,https://lpl.qq.com/es/stats.shtml?bmid=4626,,,JDM,1.0
2019.0,spring,LDL,5,,,FPB,SG,https://lpl.qq.com/es/stats.shtml?bmid=4626,,,Xiao7,2.0
2019.0,spring,LDL,5,,,SG,FPB,https://lpl.qq.com/es/stats.shtml?bmid=4626,,,Mingjing,3.0
2019.0,spring,LDL,5,VP,VTG,VP,VTG,https://lpl.qq.com/es/stats.shtml?bmid=4627,,,,1.0
2019.0,spring,LDL,5,,,VTG,VP,https://lpl.qq.com/es/stats.shtml?bmid=4627,,,,2.0
2019.0,spring,LDL,5,,,VP,VTG,https://lpl.qq.com/es/stats.shtml?bmid=4627,,,,3.0
2019.0,spring,LDL,5,SWD,SDX,SDX,SWD,https://lpl.qq.com/es/stats.shtml?bmid=4628,,,chenlun17,1.0
2019.0,spring,LDL,5,,,SDX,SWD,https://lpl.qq.com/es/stats.shtml?bmid=4628,,,ShaDow,2.0
2019.0,spring,LDL,5,,,SDX,SWD,https://lpl.qq.com/es/stats.shtml?bmid=4628,,,ShaDow,3.0
2019.0,spring,LDL,5,RYL,LGE,LGE,RYL,https://lpl.qq.com/es/stats.shtml?bmid=4629,,,,1.0
2019.0,spring,LDL,5,,,RYL,LGE,https://lpl.qq.com/es/stats.shtml?bmid=4629,,,,2.0
2019.0,spring,LDL,5,WEA,IGY,IGY,WEA,https://lpl.qq.com/es/stats.shtml?bmid=4630,,,fortunate,1.0
2019.0,spring,LDL,5,,,WEA,IGY,https://lpl.qq.com/es/stats.shtml?bmid=4630,,,huanfeng,2.0
2019.0,spring,LDL,5,,,IGY,WEA,https://lpl.qq.com/es/stats.shtml?bmid=4630,,,huanfeng,3.0
2019.0,spring,LDL,5,EDGY,UP,UP,EDGY,https://lpl.qq.com/es/stats.shtml?bmid=4631,,,Cube,1.0
2019.0,spring,LDL,5,,,EDGY,UP,https://lpl.qq.com/es/stats.shtml?bmid=4631,,,sleepy,2.0
2019.0,spring,LDL,5,,,UP,EDGY,https://lpl.qq.com/es/stats.shtml?bmid=4631,,,Ytt,3.0
2019.0,spring,LDL,5,BLGJ,LEG,LEG,BLGJ,https://lpl.qq.com/es/stats.shtml?bmid=4632,,,xiaoliulian,1.0
2019.0,spring,LDL,5,,,BLGJ,LEG,https://lpl.qq.com/es/stats.shtml?bmid=4632,,,YanXuan,2.0
2019.0,spring,LDL,5,,,LEG,BLGJ,https://lpl.qq.com/es/stats.shtml?bmid=4632,,,shanji,3.0
2019.0,spring,LDL,5,JDM,87,87,JDM,https://lpl.qq.com/es/stats.shtml?bmid=4633,,,,1.0
2019.0,spring,LDL,5,,,87,JDM,https://lpl.qq.com/es/stats.shtml?bmid=4633,,,,2.0
2019.0,spring,LDL,5,,,87,JDM,https://lpl.qq.com/es/stats.shtml?bmid=4633,,,,3.0
2019.0,spring,LDL,5,RWS,LGE,RWS,LGE,https://lpl.qq.com/es/stats.shtml?bmid=4634,,,,1.0
2019.0,spring,LDL,5,,,LGE,RWS,https://lpl.qq.com/es/stats.shtml?bmid=4634,,,Zhanzhao,2.0
2019.0,spring,LDL,5,OMD,TSG,OMD,TSG,https://lpl.qq.com/es/stats.shtml?bmid=4635,,,Curse,1.0
2019.0,spring,LDL,5,,,OMD,TSG,https://lpl.qq.com/es/stats.shtml?bmid=4635,,,,2.0
2019.0,spring,LDL,5,,,OMD,TSG,https://lpl.qq.com/es/stats.shtml?bmid=4635,,,,3.0
2019.0,spring,LDL,5,EDGY,VP,VP,EDGY,https://lpl.qq.com/es/stats.shtml?bmid=4636,,,Wuy,1.0
2019.0,spring,LDL,5,,,EDGY,VP,https://lpl.qq.com/es/stats.shtml?bmid=4636,,,BBD,2.0
2019.0,spring,LDL,5,,,VP,EDGY,https://lpl.qq.com/es/stats.shtml?bmid=4636,,,1ntruder,3.0
2019.0,spring,LDL,5,KOF,SDX,SDX,KOF,https://lpl.qq.com/es/stats.shtml?bmid=4637,,,ShaDow,1.0
2019.0,spring,LDL,5,,,KOF,SDX,https://lpl.qq.com/es/stats.shtml?bmid=4637,,,Photic,2.0
2019.0,spring,LDL,5,,,SDX,KOF,https://lpl.qq.com/es/stats.shtml?bmid=4637,,,Photic,3.0
2019.0,spring,LDL,5,SDP,SG,SG,SDP,https://lpl.qq.com/es/stats.shtml?bmid=4638,,,CH1rry,1.0
2019.0,spring,LDL,5,,,SDP,SG,https://lpl.qq.com/es/stats.shtml?bmid=4638,,,melody,2.0
2019.0,spring,LDL,5,,,SG,SDP,https://lpl.qq.com/es/stats.shtml?bmid=4638,,,Wuyou,3.0
2019.0,spring,LDL,5,SNS,YM,SNS,YM,https://lpl.qq.com/es/stats.shtml?bmid=4639,,,,1.0
2019.0,spring,LDL,5,,,YM,SNS,https://lpl.qq.com/es/stats.shtml?bmid=4639,,,,2.0
2019.0,spring,LDL,5,,,SNS,YM,https://lpl.qq.com/es/stats.shtml?bmid=4639,,,,3.0
2019.0,spring,LDL,5,RWS,VTG,RWS,VTG,https://lpl.qq.com/es/stats.shtml?bmid=4640,,,Zhanzhao,1.0
2019.0,spring,LDL,5,,,VTG,RWS,https://lpl.qq.com/es/stats.shtml?bmid=4640,,,Holder,2.0
2019.0,spring,LDL,5,WEA,GD,WEA,GD,https://lpl.qq.com/es/stats.shtml?bmid=4641,,,,1.0
2019.0,spring,LDL,5,,,WEA,GD,https://lpl.qq.com/es/stats.shtml?bmid=4641,,,Enjoy,2.0
2019.0,spring,LDL,5,,,GD,WEA,https://lpl.qq.com/es/stats.shtml?bmid=4641,,,,3.0
2019.0,spring,LDL,5,KOF,RYL,KOF,RYL,https://lpl.qq.com/es/stats.shtml?bmid=4642,,,Sora,1.0
2019.0,spring,LDL,5,,,KOF,RYL,https://lpl.qq.com/es/stats.shtml?bmid=4642,,,Photic,2.0
2019.0,spring,LDL,5,,,KOF,RYL,https://lpl.qq.com/es/stats.shtml?bmid=4642,,,Photic,3.0
2019.0,spring,LDL,5,FPB,TSG,FPB,TSG,https://lpl.qq.com/es/stats.shtml?bmid=4643,,,Mingren,1.0
2019.0,spring,LDL,5,,,FPB,TSG,https://lpl.qq.com/es/stats.shtml?bmid=4643,,,Irma,2.0
2019.0,spring,LDL,5,,,FPB,TSG,https://lpl.qq.com/es/stats.shtml?bmid=4643,,,Closer,3.0
2019.0,spring,LDL,5,IGY,LEG,IGY,LEG,https://lpl.qq.com/es/stats.shtml?bmid=4644,,,Carl,1.0
2019.0,spring,LDL,5,,,LEG,IGY,https://lpl.qq.com/es/stats.shtml?bmid=4644,,,Carl,2.0
2019.0,spring,LDL,5,VP,LGE,VP,LGE,https://lpl.qq.com/es/stats.shtml?bmid=4645,,,,1.0
2019.0,spring,LDL,5,,,LGE,VP,https://lpl.qq.com/es/stats.shtml?bmid=4645,,,,2.0
2019.0,spring,LDL,5,VGP,UP,UP,VGP,https://lpl.qq.com/es/stats.shtml?bmid=4646,,,Cube,1.0
2019.0,spring,LDL,5,,,UP,VGP,https://lpl.qq.com/es/stats.shtml?bmid=4646,,,Ytt,2.0
2019.0,spring,LDL,5,SWD,87,87,SWD,https://lpl.qq.com/es/stats.shtml?bmid=4647,,,,1.0
2019.0,spring,LDL,5,,,SWD,87,https://lpl.qq.com/es/stats.shtml?bmid=4647,,,,2.0
2019.0,spring,LDL,5,KOF,IGY,KOF,IGY,https://lpl.qq.com/es/stats.shtml?bmid=4648,,,Yuyanjia,1.0
2019.0,spring,LDL,5,,,IGY,KOF,https://lpl.qq.com/es/stats.shtml?bmid=4648,,,xin,2.0
2019.0,spring,LDL,5,,,KOF,IGY,https://lpl.qq.com/es/stats.shtml?bmid=4648,,,huanfeng,3.0
2019.0,spring,LDL,5,BLGJ,YM,YM,BLGJ,https://lpl.qq.com/es/stats.shtml?bmid=4649,,,Zhuang,1.0
2019.0,spring,LDL,5,,,BLGJ,YM,https://lpl.qq.com/es/stats.shtml?bmid=4649,,,Alielie,2.0
2019.0,spring,LDL,5,,,YM,BLGJ,https://lpl.qq.com/es/stats.shtml?bmid=4649,,,HanXuan,3.0
2019.0,spring,LDL,5,OMD,SG,SG,OMD,https://lpl.qq.com/es/stats.shtml?bmid=4650,,,Try9,1.0
2019.0,spring,LDL,5,,,OMD,SG,https://lpl.qq.com/es/stats.shtml?bmid=4650,,,Curse,2.0
2019.0,spring,LDL,5,,,SG,OMD,https://lpl.qq.com/es/stats.shtml?bmid=4650,,,Guoguo,3.0
2019.0,spring,LDL,5,JDM,SDX,SDX,JDM,https://lpl.qq.com/es/stats.shtml?bmid=4651,,,,1.0
2019.0,spring,LDL,5,,,SDX,JDM,https://lpl.qq.com/es/stats.shtml?bmid=4651,,,,2.0
2019.0,spring,LDL,5,VGP,GD,GD,VGP,https://lpl.qq.com/es/stats.shtml?bmid=4652,,,TheFan,1.0
2019.0,spring,LDL,5,,,GD,VGP,https://lpl.qq.com/es/stats.shtml?bmid=4652,,,xinnu,2.0
2019.0,spring,LDL,5,RYL,VTG,VTG,RYL,https://lpl.qq.com/es/stats.shtml?bmid=4653,,,,1.0
2019.0,spring,LDL,5,,,RYL,VTG,https://lpl.qq.com/es/stats.shtml?bmid=4653,,,,2.0
2019.0,spring,LDL,5,,,VTG,RYL,https://lpl.qq.com/es/stats.shtml?bmid=4653,,,,3.0
2019.0,spring,LDL,6,SNS,JDM,JDM,SNS,https://lpl.qq.com/es/stats.shtml?bmid=4654,https://v.qq.com/x/page/w0857l0zm39.html,,Xiaohan,1.0
2019.0,spring,LDL,6,,,SNS,JDM,https://lpl.qq.com/es/stats.shtml?bmid=4654,https://v.qq.com/x/page/a0857msts1j.html,,Morgan,2.0
2019.0,spring,LDL,6,SWD,IGY,SWD,IGY,https://lpl.qq.com/es/stats.shtml?bmid=4655,https://v.qq.com/x/page/r0857bg8tnv.html,,dzs,1.0
2019.0,spring,LDL,6,,,IGY,SWD,https://lpl.qq.com/es/stats.shtml?bmid=4655,https://v.qq.com/x/page/i0857pzcm11.html,,Carl,2.0
2019.0,spring,LDL,6,,,SWD,IGY,https://lpl.qq.com/es/stats.shtml?bmid=4655,https://v.qq.com/x/page/p0857ugtag3.html,,Carl,3.0
2019.0,spring,LDL,6,87,LEG,87,LEG,https://lpl.qq.com/es/stats.shtml?bmid=4656,https://v.qq.com/x/page/a0857amrgdy.html,,XC,1.0
2019.0,spring,LDL,6,,,LEG,87,https://lpl.qq.com/es/stats.shtml?bmid=4656,https://v.qq.com/x/page/i08570bc0km.html,,shanji,2.0
2019.0,spring,LDL,6,,,87,LEG,https://lpl.qq.com/es/stats.shtml?bmid=4656,https://v.qq.com/x/page/b085707xati.html,,Aliez,3.0
2019.0,spring,LDL,6,FPB,VGP,FPB,VGP,https://lpl.qq.com/es/stats.shtml?bmid=4657,https://v.qq.com/x/page/b0857u9p6ms.html,,,1.0
2019.0,spring,LDL,6,,,VGP,FPB,https://lpl.qq.com/es/stats.shtml?bmid=4657,https://v.qq.com/x/page/p0857ypfx80.html,,,2.0
2019.0,spring,LDL,6,TSG,UP,TSG,UP,https://lpl.qq.com/es/stats.shtml?bmid=4658,https://v.qq.com/x/page/b0857zeyk29.html,,,1.0
2019.0,spring,LDL,6,,,TSG,UP,https://lpl.qq.com/es/stats.shtml?bmid=4658,https://v.qq.com/x/page/x08574szaqg.html,,,2.0
2019.0,spring,LDL,6,,,TSG,UP,https://lpl.qq.com/es/stats.shtml?bmid=4658,https://v.qq.com/x/page/o0857ijeq16.html,,,3.0
2019.0,spring,LDL,6,BLGJ,SDP,BLGJ,SDP,https://lpl.qq.com/es/stats.shtml?bmid=4659,https://v.qq.com/x/page/g0857vshfbp.html,,,1.0
2019.0,spring,LDL,6,,,SDP,BLGJ,https://lpl.qq.com/es/stats.shtml?bmid=4659,https://v.qq.com/x/page/g0857p7f5j4.html,,,2.0
2019.0,spring,LDL,6,TSG,VTG,VTG,TSG,https://lpl.qq.com/es/stats.shtml?bmid=4660,https://v.qq.com/x/page/q0857fqlbf3.html,,,1.0
2019.0,spring,LDL,6,,,VTG,TSG,https://lpl.qq.com/es/stats.shtml?bmid=4660,https://v.qq.com/x/page/v08575p9zx6.html,,,2.0
2019.0,spring,LDL,6,,,VTG,TSG,https://lpl.qq.com/es/stats.shtml?bmid=4660,https://v.qq.com/x/page/n08572maapp.html,,,3.0
2019.0,spring,LDL,6,EDGY,RWS,RWS,EDGY,https://lpl.qq.com/es/stats.shtml?bmid=4661,https://v.qq.com/x/page/s085760y6ur.html,,,1.0
2019.0,spring,LDL,6,,,EDGY,RWS,https://lpl.qq.com/es/stats.shtml?bmid=4661,https://v.qq.com/x/page/y0857onus3f.html,,,2.0
2019.0,spring,LDL,6,,,RWS,EDGY,https://lpl.qq.com/es/stats.shtml?bmid=4661,https://v.qq.com/x/page/d08578cq5md.html,,,3.0
2019.0,spring,LDL,6,LGE,SDX,SDX,LGE,https://lpl.qq.com/es/stats.shtml?bmid=4662,https://v.qq.com/x/page/s08575judoj.html,,,1.0
2019.0,spring,LDL,6,,,LGE,SDX,https://lpl.qq.com/es/stats.shtml?bmid=4662,https://v.qq.com/x/page/b0857ap41zz.html,,,2.0
2019.0,spring,LDL,6,KOF,SNS,KOF,SNS,https://lpl.qq.com/es/stats.shtml?bmid=4663,https://v.qq.com/x/page/z0857vdfni0.html,,,1.0
2019.0,spring,LDL,6,,,SNS,KOF,https://lpl.qq.com/es/stats.shtml?bmid=4663,https://v.qq.com/x/page/n0857tef74c.html,,,2.0
2019.0,spring,LDL,6,LEG,SG,SG,LEG,https://lpl.qq.com/es/stats.shtml?bmid=4664,https://v.qq.com/x/page/i08572qibjk.html,https://v.qq.com/x/page/i08572qibjk.html?start=377,,1.0
2019.0,spring,LDL,6,,,LEG,SG,https://lpl.qq.com/es/stats.shtml?bmid=4664,https://v.qq.com/x/page/n08578q7yu5.html,https://v.qq.com/x/page/n08578q7yu5.html?start=380,,2.0
2019.0,spring,LDL,6,,,SG,LEG,https://lpl.qq.com/es/stats.shtml?bmid=4664,https://v.qq.com/x/page/o0857pii4kt.html,https://v.qq.com/x/page/o0857pii4kt.html?start=426,,3.0
2019.0,spring,LDL,6,FPB,OMD,OMD,FPB,https://lpl.qq.com/es/stats.shtml?bmid=4665,https://v.qq.com/x/page/c0857hpwl4t.html,https://v.qq.com/x/page/c0857hpwl4t.html?start=492,,1.0
2019.0,spring,LDL,6,,,FPB,OMD,https://lpl.qq.com/es/stats.shtml?bmid=4665,https://v.qq.com/x/page/g0857c388et.html,https://v.qq.com/x/page/g0857c388et.html?start=321,,2.0
2019.0,spring,LDL,6,SDP,RYL,SDP,RYL,https://lpl.qq.com/es/stats.shtml?bmid=4666,https://v.qq.com/x/page/s08579r4zjc.html,https://v.qq.com/x/page/s08579r4zjc.html?start=373,,1.0
2019.0,spring,LDL,6,,,SDP,RYL,https://lpl.qq.com/es/stats.shtml?bmid=4666,https://v.qq.com/x/page/s0857gc7f24.html,https://v.qq.com/x/page/s0857gc7f24.html?start=430,,2.0
2019.0,spring,LDL,6,BLGJ,WEA,WEA,BLGJ,https://lpl.qq.com/es/stats.shtml?bmid=4667,https://v.qq.com/x/page/z0857xw8sdq.html,https://v.qq.com/x/page/z0857xw8sdq.html?start=817,,1.0
2019.0,spring,LDL,6,,,BLGJ,WEA,https://lpl.qq.com/es/stats.shtml?bmid=4667,https://v.qq.com/x/page/r0858zqpkrm.html,https://v.qq.com/x/page/r0858zqpkrm.html?start=464,,2.0
2019.0,spring,LDL,6,,,WEA,BLGJ,https://lpl.qq.com/es/stats.shtml?bmid=4667,https://v.qq.com/x/page/l0858f7ytvy.html,https://v.qq.com/x/page/l0858f7ytvy.html?start=438,,3.0
2019.0,spring,LDL,6,VP,JDM,VP,JDM,https://lpl.qq.com/es/stats.shtml?bmid=4668,https://v.qq.com/x/page/i0858us966v.html,https://v.qq.com/x/page/i0858us966v.html?start=348,,1.0
2019.0,spring,LDL,6,,,JDM,VP,https://lpl.qq.com/es/stats.shtml?bmid=4668,https://v.qq.com/x/page/f0858ahqspn.html,https://v.qq.com/x/page/f0858ahqspn.html?start=430,,2.0
2019.0,spring,LDL,6,UP,YM,YM,UP,https://lpl.qq.com/es/stats.shtml?bmid=4669,https://v.qq.com/x/page/j085812rpbo.html,https://v.qq.com/x/page/j085812rpbo.html?start=425,,1.0
2019.0,spring,LDL,6,,,YM,UP,https://lpl.qq.com/es/stats.shtml?bmid=4669,https://v.qq.com/x/page/r0858dr904r.html,https://v.qq.com/x/page/r0858dr904r.html?start=440,,2.0
2019.0,spring,LDL,6,,,YM,UP,https://lpl.qq.com/es/stats.shtml?bmid=4669,https://v.qq.com/x/page/k0858m9zp1n.html,https://v.qq.com/x/page/k0858m9zp1n.html?start=355,,3.0
2019.0,spring,LDL,6,SWD,VGP,SWD,VGP,https://lpl.qq.com/es/stats.shtml?bmid=4670,https://v.qq.com/x/page/o0858gyam31.html,https://v.qq.com/x/page/o0858gyam31.html?start=454,,1.0
2019.0,spring,LDL,6,,,SWD,VGP,https://lpl.qq.com/es/stats.shtml?bmid=4670,https://v.qq.com/x/page/j0858zc1drk.html,https://v.qq.com/x/page/j0858zc1drk.html?start=443,,2.0
2019.0,spring,LDL,6,,,SWD,VGP,https://lpl.qq.com/es/stats.shtml?bmid=4670,https://v.qq.com/x/page/y0858v51seq.html,https://v.qq.com/x/page/y0858v51seq.html?start=401,,3.0
2019.0,spring,LDL,6,VTG,GD,VTG,GD,https://lpl.qq.com/es/stats.shtml?bmid=4671,https://v.qq.com/x/page/u0858d1nphu.html,https://v.qq.com/x/page/u0858d1nphu.html?start=243,,1.0
2019.0,spring,LDL,6,,,VTG,GD,https://lpl.qq.com/es/stats.shtml?bmid=4671,https://v.qq.com/x/page/n0858pche9x.html,https://v.qq.com/x/page/n0858pche9x.html?start=481,nanzhu,2.0
2019.0,spring,LDL,6,,,VTG,GD,https://lpl.qq.com/es/stats.shtml?bmid=4671,https://v.qq.com/x/page/i0858dbfuir.html,https://v.qq.com/x/page/i0858dbfuir.html?start=659,nanzhu,3.0
2019.0,spring,LDL,6,SDP,IGY,SDP,IGY,https://lpl.qq.com/es/stats.shtml?bmid=4672,https://v.qq.com/x/page/i0858pk8mpb.html,https://v.qq.com/x/page/i0858pk8mpb.html?start=412,,1.0
2019.0,spring,LDL,6,,,IGY,SDP,https://lpl.qq.com/es/stats.shtml?bmid=4672,https://v.qq.com/x/page/x0858svn31h.html,https://v.qq.com/x/page/x0858svn31h.html?start=493,,2.0
2019.0,spring,LDL,6,FPB,RYL,FPB,RYL,https://lpl.qq.com/es/stats.shtml?bmid=4673,https://v.qq.com/x/page/i0858mhdhdc.html,https://v.qq.com/x/page/i0858mhdhdc.html?start=405,,1.0
2019.0,spring,LDL,6,,,RYL,FPB,https://lpl.qq.com/es/stats.shtml?bmid=4673,https://v.qq.com/x/page/w0858disjc7.html,https://v.qq.com/x/page/w0858disjc7.html?start=473,,2.0
2019.0,spring,LDL,6,KOF,OMD,OMD,KOF,https://lpl.qq.com/es/stats.shtml?bmid=4674,https://v.qq.com/x/page/y08583iu9go.html,https://v.qq.com/x/page/y08583iu9go.html?start=165,,1.0
2019.0,spring,LDL,6,,,OMD,KOF,https://lpl.qq.com/es/stats.shtml?bmid=4674,https://v.qq.com/x/page/t0858p7xmh0.html,https://v.qq.com/x/page/t0858p7xmh0.html?start=406,,2.0
2019.0,spring,LDL,6,,,OMD,KOF,https://lpl.qq.com/es/stats.shtml?bmid=4674,https://v.qq.com/x/page/l0858d73l0k.html,https://v.qq.com/x/page/l0858d73l0k.html?start=407,,3.0
2019.0,spring,LDL,6,87,SDX,87,SDX,https://lpl.qq.com/es/stats.shtml?bmid=4675,https://v.qq.com/x/page/s085876lmvw.html,https://v.qq.com/x/page/s085876lmvw.html?start=426,,1.0
2019.0,spring,LDL,6,,,SDX,87,https://lpl.qq.com/es/stats.shtml?bmid=4675,https://v.qq.com/x/page/h0858ckxkgo.html,https://v.qq.com/x/page/h0858ckxkgo.html?start=431,,2.0
2019.0,spring,LDL,6,,,87,SDX,https://lpl.qq.com/es/stats.shtml?bmid=4675,https://v.qq.com/x/page/v0858jhn0ft.html,https://v.qq.com/x/page/v0858jhn0ft.html?start=344,,3.0
2019.0,spring,LDL,6,EDGY,SNS,EDGY,SNS,https://lpl.qq.com/es/stats.shtml?bmid=4676,https://v.qq.com/x/page/k0858fu2kmm.html,https://v.qq.com/x/page/k0858fu2kmm.html?start=362,,1.0
2019.0,spring,LDL,6,,,SNS,EDGY,https://lpl.qq.com/es/stats.shtml?bmid=4676,https://v.qq.com/x/page/i0858yaemnj.html,https://v.qq.com/x/page/i0858yaemnj.html=start=422,,2.0
2019.0,spring,LDL,6,,,EDGY,SNS,https://lpl.qq.com/es/stats.shtml?bmid=4676,https://v.qq.com/x/page/c0858r59wyv.html,https://v.qq.com/x/page/c0858r59wyv.html?start=388,,3.0
2019.0,spring,LDL,6,TSG,SG,TSG,SG,https://lpl.qq.com/es/stats.shtml?bmid=4677,https://v.qq.com/x/page/f08580romc3.html,https://v.qq.com/x/page/f08580romc3.html?start=451,,1.0
2019.0,spring,LDL,6,,,SG,TSG,https://lpl.qq.com/es/stats.shtml?bmid=4677,https://v.qq.com/x/page/s0858manm8m.html,https://v.qq.com/x/page/s0858manm8m.html?start=259,,2.0
2019.0,spring,LDL,6,RWS,VGP,VGP,RWS,https://lpl.qq.com/es/stats.shtml?bmid=4678,https://v.qq.com/x/page/r0858ljnr7m.html,https://v.qq.com/x/page/r0858ljnr7m.html?start=428,,1.0
2019.0,spring,LDL,6,,,RWS,VGP,https://lpl.qq.com/es/stats.shtml?bmid=4678,https://v.qq.com/x/page/s08585n1091.html,https://v.qq.com/x/page/s08585n1091.html?start=400,,2.0
2019.0,spring,LDL,6,,,VGP,RWS,https://lpl.qq.com/es/stats.shtml?bmid=4678,https://v.qq.com/x/page/q08583qsrx8.html,https://v.qq.com/x/page/q08583qsrx8.html?start=232,,3.0
2019.0,spring,LDL,6,SDP,SWD,SDP,SWD,https://lpl.qq.com/es/stats.shtml?bmid=4679,https://v.qq.com/x/page/x0858i8qjj4.html,https://v.qq.com/x/page/x0858i8qjj4.html?start=492,,1.0
2019.0,spring,LDL,6,,,SWD,SDP,https://lpl.qq.com/es/stats.shtml?bmid=4679,https://v.qq.com/x/page/c0858sv9to3.html,https://v.qq.com/x/page/c0858sv9to3.html?start=411,Light,2.0
2019.0,spring,LDL,6,,,SDP,SWD,https://lpl.qq.com/es/stats.shtml?bmid=4679,https://v.qq.com/x/page/y0858glvxwf.html,https://v.qq.com/x/page/y0858glvxwf.html?start=423,,3.0
2019.0,spring,LDL,6,WEA,JDM,WEA,JDM,https://lpl.qq.com/es/stats.shtml?bmid=4680,https://v.qq.com/x/page/d08582l0w9u.html,https://v.qq.com/x/page/d08582l0w9u.html?start=405,,1.0
2019.0,spring,LDL,6,,,JDM,WEA,https://lpl.qq.com/es/stats.shtml?bmid=4680,https://v.qq.com/x/page/g08583xom99.html,https://v.qq.com/x/page/g08583xom99.html?start=413,,2.0
2019.0,spring,LDL,6,BLGJ,IGY,IGY,BLGJ,https://lpl.qq.com/es/stats.shtml?bmid=4681,https://v.qq.com/x/page/m0858wd2d0p.html,https://v.qq.com/x/page/m0858wd2d0p.html?start=436,,1.0
2019.0,spring,LDL,6,,,BLGJ,IGY,https://lpl.qq.com/es/stats.shtml?bmid=4681,https://v.qq.com/x/page/c0858ij1z19.html,https://v.qq.com/x/page/c0858ij1z19.html?start=476,,2.0
2019.0,spring,LDL,6,LGE,VTG,LGE,VTG,https://lpl.qq.com/es/stats.shtml?bmid=4682,https://v.qq.com/x/page/b0858rrplie.html,https://v.qq.com/x/page/b0858rrplie.html?start=521,,1.0
2019.0,spring,LDL,6,,,VTG,LGE,https://lpl.qq.com/es/stats.shtml?bmid=4682,https://v.qq.com/x/page/x085882aquz.html,https://v.qq.com/x/page/x085882aquz.html?start=534,,2.0
2019.0,spring,LDL,6,VP,RYL,RYL,VP,https://lpl.qq.com/es/stats.shtml?bmid=4683,https://v.qq.com/x/page/q0858whwwqt.html,https://v.qq.com/x/page/q0858whwwqt.html?start=408,,1.0
2019.0,spring,LDL,6,,,VP,RYL,https://lpl.qq.com/es/stats.shtml?bmid=4683,https://v.qq.com/x/page/m0858caxwl4.html,https://v.qq.com/x/page/m0858caxwl4.html?start=432,,2.0
2019.0,spring,LDL,6,,,RYL,VP,https://lpl.qq.com/es/stats.shtml?bmid=4683,https://v.qq.com/x/page/l08586ufzt5.html,https://v.qq.com/x/page/l08586ufzt5.html?start=450,,3.0
2019.0,spring,LDL,6,LEG,YM,YM,LEG,https://lpl.qq.com/es/stats.shtml?bmid=4684,https://v.qq.com/x/page/j0858ltg1yx.html,https://v.qq.com/x/page/j0858ltg1yx.html?start=327,,1.0
2019.0,spring,LDL,6,,,LEG,YM,https://lpl.qq.com/es/stats.shtml?bmid=4684,https://v.qq.com/x/page/r0858m93sae.html,https://v.qq.com/x/page/r0858m93sae.html?start=441,,2.0
2019.0,spring,LDL,6,,,YM,LEG,https://lpl.qq.com/es/stats.shtml?bmid=4684,https://v.qq.com/x/page/b0858v62jri.html,https://v.qq.com/x/page/b0858v62jri.html?start=405,,3.0
2019.0,spring,LDL,7,EDGY,OMD,EDGY,OMD,https://lpl.qq.com/es/stats.shtml?bmid=4685,https://v.qq.com/x/page/v0858pyzjd6.html,,,1.0
2019.0,spring,LDL,7,,,OMD,EDGY,https://lpl.qq.com/es/stats.shtml?bmid=4685,https://v.qq.com/x/page/w0858wjjn1t.html,,,2.0
2019.0,spring,LDL,7,SDP,87,87,SDP,https://lpl.qq.com/es/stats.shtml?bmid=4686,https://v.qq.com/x/page/o0858doh0wp.html,,,1.0
2019.0,spring,LDL,7,,,SDP,87,https://lpl.qq.com/es/stats.shtml?bmid=4686,https://v.qq.com/x/page/v0859p31tzl.html,,,2.0
2019.0,spring,LDL,7,,,87,SDP,https://lpl.qq.com/es/stats.shtml?bmid=4686,https://v.qq.com/x/page/c0858dr88ve.html,,,3.0
2019.0,spring,LDL,7,RWS,TSG,RWS,TSG,https://lpl.qq.com/es/stats.shtml?bmid=4687,https://v.qq.com/x/page/k0859iwh7lz.html,,,1.0
2019.0,spring,LDL,7,,,RWS,TSG,https://lpl.qq.com/es/stats.shtml?bmid=4687,https://v.qq.com/x/page/o08594d9s6k.html,,,2.0
2019.0,spring,LDL,7,,,RWS,TSG,https://lpl.qq.com/es/stats.shtml?bmid=4687,https://v.qq.com/x/page/t0859xh7xx9.html,,,3.0
2019.0,spring,LDL,7,WEA,LEG,WEA,LEG,https://lpl.qq.com/es/stats.shtml?bmid=4688,https://v.qq.com/x/page/o0858vebdij.html,,,1.0
2019.0,spring,LDL,7,,,LEG,WEA,https://lpl.qq.com/es/stats.shtml?bmid=4688,https://v.qq.com/x/page/d08582j72s7.html,,,2.0
2019.0,spring,LDL,7,SNS,LGE,LGE,SNS,https://lpl.qq.com/es/stats.shtml?bmid=4689,https://v.qq.com/x/page/f0859gm2sjz.html,,,1.0
2019.0,spring,LDL,7,,,SNS,LGE,https://lpl.qq.com/es/stats.shtml?bmid=4689,https://v.qq.com/x/page/t08581vcphl.html,,,2.0
2019.0,spring,LDL,7,,,LGE,SNS,https://lpl.qq.com/es/stats.shtml?bmid=4689,https://v.qq.com/x/page/j0859rzteqg.html,,,3.0
2019.0,spring,LDL,7,SWD,UP,SWD,UP,https://lpl.qq.com/es/stats.shtml?bmid=4690,https://v.qq.com/x/page/o0858nraojq.html,,,1.0
2019.0,spring,LDL,7,,,SWD,UP,https://lpl.qq.com/es/stats.shtml?bmid=4690,https://v.qq.com/x/page/n08581ye2v4.html,,Light,2.0
2019.0,spring,LDL,7,,,SWD,UP,https://lpl.qq.com/es/stats.shtml?bmid=4690,https://v.qq.com/x/page/i0858qq2g9r.html,,,3.0
2019.0,spring,LDL,7,RWS,RYL,RYL,RWS,https://lpl.qq.com/es/stats.shtml?bmid=4691,https://v.qq.com/x/page/o085934vhcq.html,,WeiYan,1.0
2019.0,spring,LDL,7,,,RWS,RYL,https://lpl.qq.com/es/stats.shtml?bmid=4691,https://v.qq.com/x/page/e0859ztp5cc.html,,Holder,2.0
2019.0,spring,LDL,7,FPB,SDX,SDX,FPB,https://lpl.qq.com/es/stats.shtml?bmid=4692,https://v.qq.com/x/page/h0859u9vkzq.html,,Avenger0,1.0
2019.0,spring,LDL,7,,,FPB,SDX,https://lpl.qq.com/es/stats.shtml?bmid=4692,https://v.qq.com/x/page/q0859bq6r8k.html,,Cepted,2.0
2019.0,spring,LDL,7,,,SDX,FPB,https://lpl.qq.com/es/stats.shtml?bmid=4692,https://v.qq.com/x/page/k0859mn3tob.html,,April,3.0
2019.0,spring,LDL,7,VGP,YM,VGP,YM,https://lpl.qq.com/es/stats.shtml?bmid=4693,https://v.qq.com/x/page/s08594pt4qq.html,,xiaolongbao,1.0
2019.0,spring,LDL,7,,,YM,VGP,https://lpl.qq.com/es/stats.shtml?bmid=4693,https://v.qq.com/x/page/l0859p7wki1.html,,xiaolongbao,2.0
2019.0,spring,LDL,7,VP,SG,SG,VP,https://lpl.qq.com/es/stats.shtml?bmid=4694,https://v.qq.com/x/page/i08592a3wpi.html,,,1.0
2019.0,spring,LDL,7,,,VP,SG,https://lpl.qq.com/es/stats.shtml?bmid=4694,https://v.qq.com/x/page/r0859j3oym0.html,,,2.0
2019.0,spring,LDL,7,,,SG,VP,https://lpl.qq.com/es/stats.shtml?bmid=4694,https://v.qq.com/x/page/i0859udks33.html,,,3.0
2019.0,spring,LDL,7,JDM,GD,JDM,GD,https://lpl.qq.com/es/stats.shtml?bmid=4695,https://v.qq.com/x/page/j0859fmmk74.html,,Xiaohan,1.0
2019.0,spring,LDL,7,,,JDM,GD,https://lpl.qq.com/es/stats.shtml?bmid=4695,https://v.qq.com/x/page/u0859v415rs.html,,up,2.0
2019.0,spring,LDL,7,IGY,VTG,VTG,IGY,https://lpl.qq.com/es/stats.shtml?bmid=4696,https://v.qq.com/x/page/x0859x5i8gh.html,,,1.0
2019.0,spring,LDL,7,,,IGY,VTG,https://lpl.qq.com/es/stats.shtml?bmid=4696,https://v.qq.com/x/page/v08597durcw.html,,,2.0
2019.0,spring,LDL,7,WEA,VP,WEA,VP,https://lpl.qq.com/es/stats.shtml?bmid=4697,https://v.qq.com/x/page/l0859zgdpmk.html,,Aris,1.0
2019.0,spring,LDL,7,,,VP,WEA,https://lpl.qq.com/es/stats.shtml?bmid=4697,https://v.qq.com/x/page/n08591u60p8.html,,Aris,2.0
2019.0,spring,LDL,7,BLGJ,LGE,BLGJ,LGE,https://lpl.qq.com/es/stats.shtml?bmid=4698,https://v.qq.com/x/page/c08596ca3do.html,,ZBB,1.0
2019.0,spring,LDL,7,,,LGE,BLGJ,https://lpl.qq.com/es/stats.shtml?bmid=4698,https://v.qq.com/x/page/n0859g833s1.html,,Martin,2.0
2019.0,spring,LDL,7,EDGY,LEG,LEG,EDGY,https://lpl.qq.com/es/stats.shtml?bmid=4699,https://v.qq.com/x/page/m0859zw2dma.html,,catjug,1.0
2019.0,spring,LDL,7,,,EDGY,LEG,https://lpl.qq.com/es/stats.shtml?bmid=4699,https://v.qq.com/x/page/c0859pbnr0d.html,,yimeng,2.0
2019.0,spring,LDL,7,,,LEG,EDGY,https://lpl.qq.com/es/stats.shtml?bmid=4699,https://v.qq.com/x/page/f0859tqy3dn.html,,Helper,3.0
2019.0,spring,LDL,7,OMD,87,87,OMD,https://lpl.qq.com/es/stats.shtml?bmid=4700,https://v.qq.com/x/page/b0859sz7hqz.html,,,1.0
2019.0,spring,LDL,7,,,OMD,87,https://lpl.qq.com/es/stats.shtml?bmid=4700,https://v.qq.com/x/page/r0859t4ql2r.html,,,2.0
2019.0,spring,LDL,7,RYL,TSG,TSG,RYL,https://lpl.qq.com/es/stats.shtml?bmid=4701,https://v.qq.com/x/page/t0860oxf0hi.html,,sixsix9,1.0
2019.0,spring,LDL,7,,,RYL,TSG,https://lpl.qq.com/es/stats.shtml?bmid=4701,https://v.qq.com/x/page/l0860dzbz01.html,,Moon,2.0
2019.0,spring,LDL,7,,,TSG,RYL,https://lpl.qq.com/es/stats.shtml?bmid=4701,https://v.qq.com/x/page/o0860e4us9n.html,,XiaoBai,3.0
2019.0,spring,LDL,7,KOF,UP,UP,KOF,https://lpl.qq.com/es/stats.shtml?bmid=4702,https://v.qq.com/x/page/v0859fquuzt.html,,,1.0
2019.0,spring,LDL,7,,,KOF,UP,https://lpl.qq.com/es/stats.shtml?bmid=4702,https://v.qq.com/x/page/i0860krkgmc.html,,,2.0
2019.0,spring,LDL,7,,,KOF,UP,https://lpl.qq.com/es/stats.shtml?bmid=4702,https://v.qq.com/x/page/x0860dua5vx.html,,,3.0
2019.0,spring,LDL,7,FPB,JDM,JDM,FPB,https://lpl.qq.com/es/stats.shtml?bmid=4703,https://v.qq.com/x/page/e08604bi40k.html,,Cepted,1.0
2019.0,spring,LDL,7,,,FPB,JDM,https://lpl.qq.com/es/stats.shtml?bmid=4703,https://v.qq.com/x/page/o0860ufg1qj.html,,Cepted,2.0
2019.0,spring,LDL,7,SDP,SDX,SDX,SDP,https://lpl.qq.com/es/stats.shtml?bmid=4704,https://v.qq.com/x/page/b0860f5434a.html,,Avenger0,1.0
2019.0,spring,LDL,7,,,SDP,SDX,https://lpl.qq.com/es/stats.shtml?bmid=4704,https://v.qq.com/x/page/f08601yhvii.html,,melody,2.0
2019.0,spring,LDL,7,,,SDX,SDP,https://lpl.qq.com/es/stats.shtml?bmid=4704,https://v.qq.com/x/page/j086060vpaz.html,,Godlou,3.0
2019.0,spring,LDL,7,RWS,SG,SG,RWS,https://lpl.qq.com/es/stats.shtml?bmid=4705,https://v.qq.com/x/page/e0860tdhp35.html,,Killua,1.0
2019.0,spring,LDL,7,,,RWS,SG,https://lpl.qq.com/es/stats.shtml?bmid=4705,https://v.qq.com/x/page/s08602zcsgn.html,,Caocao,2.0
2019.0,spring,LDL,7,SNS,VTG,VTG,SNS,https://lpl.qq.com/es/stats.shtml?bmid=4706,https://v.qq.com/x/page/b08604isf1o.html,,,1.0
2019.0,spring,LDL,7,,,SNS,VTG,https://lpl.qq.com/es/stats.shtml?bmid=4706,https://v.qq.com/x/page/d0860oooj26.html,,,2.0
2019.0,spring,LDL,7,SWD,GD,SWD,GD,https://lpl.qq.com/es/stats.shtml?bmid=4707,https://v.qq.com/x/page/k0860keyc0b.html,,xinnu,1.0
2019.0,spring,LDL,7,,,SWD,GD,https://lpl.qq.com/es/stats.shtml?bmid=4707,https://v.qq.com/x/page/d086071em72.html,,lxlyc,2.0
2019.0,spring,LDL,7,,,SWD,GD,https://lpl.qq.com/es/stats.shtml?bmid=4707,https://v.qq.com/x/page/q08608ztsyg.html,,Light,3.0
2019.0,spring,LDL,7,WEA,YM,YM,WEA,https://lpl.qq.com/es/stats.shtml?bmid=4708,https://v.qq.com/x/page/u0860tz339v.html,,,1.0
2019.0,spring,LDL,7,,,WEA,YM,https://lpl.qq.com/es/stats.shtml?bmid=4708,https://v.qq.com/x/page/w08605ki67z.html,,,2.0
2019.0,spring,LDL,7,,,YM,WEA,https://lpl.qq.com/es/stats.shtml?bmid=4708,https://v.qq.com/x/page/o086074ghvv.html,,,3.0
2019.0,spring,LDL,7,SNS,OMD,SNS,OMD,https://lpl.qq.com/es/stats.shtml?bmid=4709,https://v.qq.com/x/page/t08605sjoqv.html,,bin,1.0
2019.0,spring,LDL,7,,,OMD,SNS,https://lpl.qq.com/es/stats.shtml?bmid=4709,https://v.qq.com/x/page/j08608m93q9.html,,Curse,2.0
2019.0,spring,LDL,7,,,SNS,OMD,https://lpl.qq.com/es/stats.shtml?bmid=4709,https://v.qq.com/x/page/u0860n7omso.html,,Guoguo,3.0
2019.0,spring,LDL,7,VP,TSG,TSG,VP,https://lpl.qq.com/es/stats.shtml?bmid=4710,https://v.qq.com/x/page/e0860j2bnow.html,,Cherub,1.0
2019.0,spring,LDL,7,,,VP,TSG,https://lpl.qq.com/es/stats.shtml?bmid=4710,https://v.qq.com/x/page/p086018w5kc.html,,Pang,2.0
2019.0,spring,LDL,7,,,TSG,VP,https://lpl.qq.com/es/stats.shtml?bmid=4710,https://v.qq.com/x/page/n0860yubesr.html,,Ye,3.0
2019.0,spring,LDL,7,IGY,LGE,IGY,LGE,https://lpl.qq.com/es/stats.shtml?bmid=4711,https://v.qq.com/x/page/x0860yle2ft.html,,JiuMeng,1.0
2019.0,spring,LDL,7,,,LGE,IGY,https://lpl.qq.com/es/stats.shtml?bmid=4711,https://v.qq.com/x/page/p0860mccvce.html,,huanfeng,2.0
2019.0,spring,LDL,7,,,IGY,LGE,https://lpl.qq.com/es/stats.shtml?bmid=4711,https://v.qq.com/x/page/u0860rfe79u.html,,JiuMeng,3.0
2019.0,spring,LDL,7,VGP,LEG,VGP,LEG,https://lpl.qq.com/es/stats.shtml?bmid=4712,https://v.qq.com/x/page/m0860vbvp96.html,,,1.0
2019.0,spring,LDL,7,,,LEG,VGP,https://lpl.qq.com/es/stats.shtml?bmid=4712,https://v.qq.com/x/page/q0860xgte5b.html,,,2.0
2019.0,spring,LDL,7,FPB,87,FPB,87,https://lpl.qq.com/es/stats.shtml?bmid=4713,https://v.qq.com/x/page/z08601c6k8y.html,,,1.0
2019.0,spring,LDL,7,,,87,FPB,https://lpl.qq.com/es/stats.shtml?bmid=4713,https://v.qq.com/x/page/p0860kaqm5t.html,,XC,2.0
2019.0,spring,LDL,7,JDM,UP,UP,JDM,https://lpl.qq.com/es/stats.shtml?bmid=4714,https://v.qq.com/x/page/k0860ndeaa9.html,,,1.0
2019.0,spring,LDL,7,,,JDM,UP,https://lpl.qq.com/es/stats.shtml?bmid=4714,https://v.qq.com/x/page/m0860lg72ri.html,,,2.0
2019.0,spring,LDL,7,WEA,VGP,VGP,WEA,https://lpl.qq.com/es/stats.shtml?bmid=4715,https://v.qq.com/x/page/p0860iurcft.html,,hardgirl,1.0
2019.0,spring,LDL,7,,,WEA,VGP,https://lpl.qq.com/es/stats.shtml?bmid=4715,https://v.qq.com/x/page/a0860tlmw0c.html,,fortunate,2.0
2019.0,spring,LDL,7,EDGY,YM,EDGY,YM,https://lpl.qq.com/es/stats.shtml?bmid=4716,https://v.qq.com/x/page/p0860mx6c1n.html,,Zhuang,1.0
2019.0,spring,LDL,7,,,YM,EDGY,https://lpl.qq.com/es/stats.shtml?bmid=4716,https://v.qq.com/x/page/n0860lluqd8.html,,Zhuang,2.0
2019.0,spring,LDL,7,BLGJ,VTG,BLGJ,VTG,https://lpl.qq.com/es/stats.shtml?bmid=4717,https://v.qq.com/x/page/y0860nf8yzl.html,,Alielie,1.0
2019.0,spring,LDL,7,,,VTG,BLGJ,https://lpl.qq.com/es/stats.shtml?bmid=4717,https://v.qq.com/x/page/y0860o3s1o3.html,,Alielie,2.0
2019.0,spring,LDL,7,RYL,SG,RYL,SG,https://lpl.qq.com/es/stats.shtml?bmid=4718,https://v.qq.com/x/page/u0860woaed8.html,,,1.0
2019.0,spring,LDL,7,,,SG,RYL,https://lpl.qq.com/es/stats.shtml?bmid=4718,https://v.qq.com/x/page/l0860ssj3dl.html,,,2.0
2019.0,spring,LDL,7,KOF,GD,KOF,GD,https://lpl.qq.com/es/stats.shtml?bmid=4719,https://v.qq.com/x/page/r08602q8n97.html,,Mantouz,1.0
2019.0,spring,LDL,7,,,KOF,GD,https://lpl.qq.com/es/stats.shtml?bmid=4719,https://v.qq.com/x/page/t08603usy55.html,,nanzhu,2.0
2019.0,spring,LDL,7,,,KOF,GD,https://lpl.qq.com/es/stats.shtml?bmid=4719,https://v.qq.com/x/page/z08602g6675.html,,Like,3.0
2019.0,spring,LDL,7,OMD,SDX,OMD,SDX,https://lpl.qq.com/es/stats.shtml?bmid=4720,https://v.qq.com/x/page/e0860stq7fr.html,,,1.0
2019.0,spring,LDL,7,,,SDX,OMD,https://lpl.qq.com/es/stats.shtml?bmid=4720,https://v.qq.com/x/page/f0860fc25f1.html,,,2.0
2019.0,spring,LDL,8,SDP,FPB,FPB,SDP,https://lpl.qq.com/es/stats.shtml?bmid=4721,https://v.qq.com/x/page/x0861ha5h3d.html,,Cepted,1.0
2019.0,spring,LDL,8,,,FPB,SDP,https://lpl.qq.com/es/stats.shtml?bmid=4721,https://v.qq.com/x/page/u0861ned6z0.html,,Mingjing,2.0
2019.0,spring,LDL,8,EDGY,WEA,EDGY,WEA,https://lpl.qq.com/es/stats.shtml?bmid=4722,https://v.qq.com/x/page/i0861bjq9o8.html,,,1.0
2019.0,spring,LDL,8,,,WEA,EDGY,https://lpl.qq.com/es/stats.shtml?bmid=4722,https://v.qq.com/x/page/v0861jsczwx.html,,Clever9,2.0
2019.0,spring,LDL,8,LGE,SG,SG,LGE,https://lpl.qq.com/es/stats.shtml?bmid=4723,https://v.qq.com/x/page/h0861dvak0k.html,,BadeMan,1.0
2019.0,spring,LDL,8,,,LGE,SG,https://lpl.qq.com/es/stats.shtml?bmid=4723,https://v.qq.com/x/page/v08619dgej7.html,,Alun,2.0
2019.0,spring,LDL,8,KOF,SWD,SWD,KOF,https://lpl.qq.com/es/stats.shtml?bmid=4724,https://v.qq.com/x/page/o0861wsy9lt.html,,,1.0
2019.0,spring,LDL,8,,,KOF,SWD,https://lpl.qq.com/es/stats.shtml?bmid=4724,https://v.qq.com/x/page/n0861go7i8q.html,,,2.0
2019.0,spring,LDL,8,,,SWD,KOF,https://lpl.qq.com/es/stats.shtml?bmid=4724,https://v.qq.com/x/page/q0861zyvtal.html,,,3.0
2019.0,spring,LDL,8,87,TSG,TSG,87,https://lpl.qq.com/es/stats.shtml?bmid=4725,https://v.qq.com/x/page/v0861bnkkx1.html,,X41007,1.0
2019.0,spring,LDL,8,,,87,TSG,https://lpl.qq.com/es/stats.shtml?bmid=4725,https://v.qq.com/x/page/f0861sm1d9v.html,,Cherub,2.0
2019.0,spring,LDL,8,,,87,TSG,https://lpl.qq.com/es/stats.shtml?bmid=4725,https://v.qq.com/x/page/h0861madozm.html,,Aliez,3.0
2019.0,spring,LDL,8,BLGJ,RWS,BLGJ,RWS,https://lpl.qq.com/es/stats.shtml?bmid=4726,https://v.qq.com/x/page/x08614585hb.html,,,1.0
2019.0,spring,LDL,8,,,RWS,BLGJ,https://lpl.qq.com/es/stats.shtml?bmid=4726,https://v.qq.com/x/page/x0861rmwg9p.html,,,2.0
2019.0,spring,LDL,8,SNS,VP,VP,SNS,https://lpl.qq.com/es/stats.shtml?bmid=4727,https://v.qq.com/x/page/a0862ijehmw.html,,Fdy,1.0
2019.0,spring,LDL,8,,,SNS,VP,https://lpl.qq.com/es/stats.shtml?bmid=4727,https://v.qq.com/x/page/c0862513258.html,,Fdy,2.0
2019.0,spring,LDL,8,SWD,OMD,OMD,SWD,https://lpl.qq.com/es/stats.shtml?bmid=4728,https://v.qq.com/x/page/i0862dzb8vs.html,,dzs,1.0
2019.0,spring,LDL,8,,,SWD,OMD,https://lpl.qq.com/es/stats.shtml?bmid=4728,https://v.qq.com/x/page/d08626047db.html,,dzs,2.0
2019.0,spring,LDL,8,87,SG,87,SG,https://lpl.qq.com/es/stats.shtml?bmid=4731,https://v.qq.com/x/page/b086285whx2.html,,,1.0
2019.0,spring,LDL,8,,,SG,87,https://lpl.qq.com/es/stats.shtml?bmid=4731,https://v.qq.com/x/page/q0862t944dn.html,,,2.0
2019.0,spring,LDL,8,IGY,RYL,RYL,IGY,https://lpl.qq.com/es/stats.shtml?bmid=4729,https://v.qq.com/x/page/x0862slly7r.html,,Moon,1.0
2019.0,spring,LDL,8,,,IGY,RYL,https://lpl.qq.com/es/stats.shtml?bmid=4729,https://v.qq.com/x/page/w0862j60n9k.html,,xin,2.0
2019.0,spring,LDL,8,,,RYL,IGY,https://lpl.qq.com/es/stats.shtml?bmid=4729,https://v.qq.com/x/page/q0862gbvvob.html,,Carl,3.0
2019.0,spring,LDL,8,LGE,YM,YM,LGE,https://lpl.qq.com/es/stats.shtml?bmid=4730,https://v.qq.com/x/page/i08629xli7n.html,,,1.0
2019.0,spring,LDL,8,,,LGE,YM,https://lpl.qq.com/es/stats.shtml?bmid=4730,https://v.qq.com/x/page/u0862yr7mwi.html,,,2.0
2019.0,spring,LDL,8,EDGY,VGP,EDGY,VGP,https://lpl.qq.com/es/stats.shtml?bmid=4732,https://v.qq.com/x/page/u08620y9ut7.html,,noble,1.0
2019.0,spring,LDL,8,,,VGP,EDGY,https://lpl.qq.com/es/stats.shtml?bmid=4732,https://v.qq.com/x/page/s0862xieci0.html,,noble,2.0
2019.0,spring,LDL,8,LEG,VTG,VTG,LEG,https://lpl.qq.com/es/stats.shtml?bmid=4733,https://v.qq.com/x/page/l0862brymbe.html,,,1.0
2019.0,spring,LDL,8,,,LEG,VTG,https://lpl.qq.com/es/stats.shtml?bmid=4733,https://v.qq.com/x/page/t0862rz63l0.html,,,2.0
2019.0,spring,LDL,8,SDP,JDM,JDM,SDP,https://lpl.qq.com/es/stats.shtml?bmid=4734,https://v.qq.com/x/page/c08624x5kpg.html,,clx,1.0
2019.0,spring,LDL,8,,,SDP,JDM,https://lpl.qq.com/es/stats.shtml?bmid=4734,https://v.qq.com/x/page/v0862ghs8o7.html,,Xiaohan,2.0
2019.0,spring,LDL,8,KOF,WEA,KOF,WEA,https://lpl.qq.com/es/stats.shtml?bmid=4735,https://v.qq.com/x/page/p0862wyc789.html,,Like,1.0
2019.0,spring,LDL,8,,,WEA,KOF,https://lpl.qq.com/es/stats.shtml?bmid=4735,https://v.qq.com/x/page/w086284adkv.html,,Photic,2.0
2019.0,spring,LDL,8,RWS,OMD,OMD,RWS,https://lpl.qq.com/es/stats.shtml?bmid=4736,https://v.qq.com/x/page/e0862y37y5w.html,,Guoguo,1.0
2019.0,spring,LDL,8,,,RWS,OMD,https://lpl.qq.com/es/stats.shtml?bmid=4736,https://v.qq.com/x/page/u08627cagrx.html,,Guoguo,2.0
2019.0,spring,LDL,8,SDX,YM,YM,SDX,https://lpl.qq.com/es/stats.shtml?bmid=4737,https://v.qq.com/x/page/d0862nmgrnq.html,,,1.0
2019.0,spring,LDL,8,,,SDX,YM,https://lpl.qq.com/es/stats.shtml?bmid=4737,https://v.qq.com/x/page/x0862f094r4.html,,,2.0
2019.0,spring,LDL,8,BLGJ,FPB,BLGJ,FPB,https://lpl.qq.com/es/stats.shtml?bmid=4738,https://v.qq.com/x/page/w0862velhlc.html,,HanXuan,1.0
2019.0,spring,LDL,8,,,FPB,BLGJ,https://lpl.qq.com/es/stats.shtml?bmid=4738,https://v.qq.com/x/page/w0862k4tcxa.html,,Mingjing,2.0
2019.0,spring,LDL,8,,,BLGJ,FPB,https://lpl.qq.com/es/stats.shtml?bmid=4738,https://v.qq.com/x/page/w086230odrg.html,,xiaoliulian,3.0
2019.0,spring,LDL,8,SG,GD,GD,SG,https://lpl.qq.com/es/stats.shtml?bmid=4739,https://v.qq.com/x/page/k0862j8vi42.html,,Enjoy,1.0
2019.0,spring,LDL,8,,,SG,GD,https://lpl.qq.com/es/stats.shtml?bmid=4739,https://v.qq.com/x/page/h0862l1qb5m.html,,,2.0
2019.0,spring,LDL,8,,,GD,SG,https://lpl.qq.com/es/stats.shtml?bmid=4739,https://v.qq.com/x/page/i08626ynvaj.html,,,3.0
2019.0,spring,LDL,8,VGP,RYL,VGP,RYL,https://lpl.qq.com/es/stats.shtml?bmid=4740,https://v.qq.com/x/page/a0862cqays2.html,,noble,1.0
2019.0,spring,LDL,8,,,RYL,VGP,https://lpl.qq.com/es/stats.shtml?bmid=4740,https://v.qq.com/x/page/m0862t5shf7.html,,Strive,2.0
2019.0,spring,LDL,8,SNS,IGY,SNS,IGY,https://lpl.qq.com/es/stats.shtml?bmid=4741,https://v.qq.com/x/page/c0862f3yy7v.html,,Fate,1.0
2019.0,spring,LDL,8,,,SNS,IGY,https://lpl.qq.com/es/stats.shtml?bmid=4741,https://v.qq.com/x/page/u086258fecq.html,,Cruel,2.0
2019.0,spring,LDL,8,,,SNS,IGY,https://lpl.qq.com/es/stats.shtml?bmid=4741,https://v.qq.com/x/page/g0862er5dey.html,,View,3.0
2019.0,spring,LDL,8,LGE,UP,LGE,UP,https://lpl.qq.com/es/stats.shtml?bmid=4742,https://v.qq.com/x/page/d0862p7vre7.html,,,1.0
2019.0,spring,LDL,8,,,LGE,UP,https://lpl.qq.com/es/stats.shtml?bmid=4742,https://v.qq.com/x/page/n0862ak8vv8.html,,,2.0
2019.0,spring,LDL,8,,,UP,LGE,https://lpl.qq.com/es/stats.shtml?bmid=4742,https://v.qq.com/x/page/e0862z6efs3.html,,,3.0
2019.0,spring,LDL,8,87,VTG,VTG,87,https://lpl.qq.com/es/stats.shtml?bmid=4743,https://v.qq.com/x/page/q0862dnupt0.html,,X41007,1.0
2019.0,spring,LDL,8,,,87,VTG,https://lpl.qq.com/es/stats.shtml?bmid=4743,https://v.qq.com/x/page/z08629g0gyi.html,,XC,2.0
2019.0,spring,LDL,8,RWS,VP,VP,RWS,https://lpl.qq.com/es/stats.shtml?bmid=4744,https://v.qq.com/x/page/c0862mp9orh.html,,,1.0
2019.0,spring,LDL,8,,,RWS,VP,https://lpl.qq.com/es/stats.shtml?bmid=4744,https://v.qq.com/x/page/k08627r1yiy.html,,,2.0
2019.0,spring,LDL,8,,,VP,RWS,https://lpl.qq.com/es/stats.shtml?bmid=4744,https://v.qq.com/x/page/s0862zaxept.html,,,3.0
2019.0,spring,LDL,8,SDX,GD,SDX,GD,https://lpl.qq.com/es/stats.shtml?bmid=4745,https://v.qq.com/x/page/i0862s8lre4.html,,Avenger0,1.0
2019.0,spring,LDL,8,,,SDX,GD,https://lpl.qq.com/es/stats.shtml?bmid=4745,https://v.qq.com/x/page/x086268cfla.html,,Avenger0,2.0
2019.0,spring,LDL,8,EDGY,SWD,SWD,EDGY,https://lpl.qq.com/es/stats.shtml?bmid=4746,https://v.qq.com/x/page/y0862xeo9wj.html,,,1.0
2019.0,spring,LDL,8,,,EDGY,SWD,https://lpl.qq.com/es/stats.shtml?bmid=4746,https://v.qq.com/x/page/a0862k62b3e.html,,,2.0
2019.0,spring,LDL,8,,,SWD,EDGY,https://lpl.qq.com/es/stats.shtml?bmid=4746,https://v.qq.com/x/page/c08622i06fz.html,,,3.0
2019.0,spring,LDL,8,KOF,JDM,JDM,KOF,https://lpl.qq.com/es/stats.shtml?bmid=4747,https://v.qq.com/x/page/q0863nvrdbe.html,,Morgan,1.0
2019.0,spring,LDL,8,,,KOF,JDM,https://lpl.qq.com/es/stats.shtml?bmid=4747,https://v.qq.com/x/page/d0863hlesyo.html,,Mantouz,2.0
2019.0,spring,LDL,8,,,JDM,KOF,https://lpl.qq.com/es/stats.shtml?bmid=4747,https://v.qq.com/x/page/l0863fockyz.html,,Mantouz,3.0
2019.0,spring,LDL,8,WEA,OMD,WEA,OMD,https://lpl.qq.com/es/stats.shtml?bmid=4748,https://v.qq.com/x/page/z086377uzpc.html,,fortunate,1.0
2019.0,spring,LDL,8,,,OMD,WEA,https://lpl.qq.com/es/stats.shtml?bmid=4748,https://v.qq.com/x/page/m0863hche8t.html,,fortunate,2.0
2019.0,spring,LDL,8,TSG,YM,TSG,YM,https://lpl.qq.com/es/stats.shtml?bmid=4749,https://v.qq.com/x/page/v08637ge4f6.html,,xiaolongbao,1.0
2019.0,spring,LDL,8,,,YM,TSG,https://lpl.qq.com/es/stats.shtml?bmid=4749,https://v.qq.com/x/page/h086377huq7.html,,sixsix9,2.0
2019.0,spring,LDL,8,,,YM,TSG,https://lpl.qq.com/es/stats.shtml?bmid=4749,https://v.qq.com/x/page/j0863mturtr.html,,Zhuang,3.0
2019.0,spring,LDL,8,BLGJ,VGP,VGP,BLGJ,https://lpl.qq.com/es/stats.shtml?bmid=4750,https://v.qq.com/x/page/e0863oih5d6.html,,,1.0
2019.0,spring,LDL,8,,,BLGJ,VGP,https://lpl.qq.com/es/stats.shtml?bmid=4750,https://v.qq.com/x/page/r08638ymxkd.html,,,2.0
2019.0,spring,LDL,8,,,VGP,BLGJ,https://lpl.qq.com/es/stats.shtml?bmid=4750,https://v.qq.com/x/page/l0863cbgiay.html,,,3.0
2019.0,spring,LDL,8,SDP,VP,VP,SDP,https://lpl.qq.com/es/stats.shtml?bmid=4751,https://v.qq.com/x/page/z0863mj47wk.html,,,1.0
2019.0,spring,LDL,8,,,VP,SDP,https://lpl.qq.com/es/stats.shtml?bmid=4751,https://v.qq.com/x/page/w08636lkelb.html,,Aitong,2.0
2019.0,spring,LDL,8,UP,GD,UP,GD,https://lpl.qq.com/es/stats.shtml?bmid=4752,https://v.qq.com/x/page/m0863q807px.html,,,1.0
2019.0,spring,LDL,8,,,GD,UP,https://lpl.qq.com/es/stats.shtml?bmid=4752,https://v.qq.com/x/page/t0863kv2wfc.html,,,2.0
2019.0,spring,LDL,9,RWS,87,87,RWS,https://lpl.qq.com/es/stats.shtml?bmid=4753,https://v.qq.com/x/page/k0863a8emy7.html,,Zhanzhao,1.0
2019.0,spring,LDL,9,,,RWS,87,https://lpl.qq.com/es/stats.shtml?bmid=4753,https://v.qq.com/x/page/w0863jdy8lk.html,,WeiYan,2.0
2019.0,spring,LDL,9,SWD,LEG,LEG,SWD,https://lpl.qq.com/es/stats.shtml?bmid=4754,https://v.qq.com/x/page/j08632e9fo9.html,,Assqssin,1.0
2019.0,spring,LDL,9,,,SWD,LEG,https://lpl.qq.com/es/stats.shtml?bmid=4754,https://v.qq.com/x/page/h0863ujoy4u.html,,Viod,2.0
2019.0,spring,LDL,9,SNS,TSG,SNS,TSG,https://lpl.qq.com/es/stats.shtml?bmid=4755,https://v.qq.com/x/page/y0863o8iri9.html,,,1.0
2019.0,spring,LDL,9,,,SNS,TSG,https://lpl.qq.com/es/stats.shtml?bmid=4755,,https://v.qq.com/x/page/k0863aoq9vc.html,,2.0
2019.0,spring,LDL,9,FPB,UP,UP,FPB,https://lpl.qq.com/es/stats.shtml?bmid=4756,https://v.qq.com/x/page/o0863gezc8b.html,,Cepted,1.0
2019.0,spring,LDL,9,,,FPB,UP,https://lpl.qq.com/es/stats.shtml?bmid=4756,https://v.qq.com/x/page/n0863iferzt.html,,Typhoon,2.0
2019.0,spring,LDL,9,,,UP,FPB,https://lpl.qq.com/es/stats.shtml?bmid=4756,https://v.qq.com/x/page/e08637kfnjp.html,,Hang,3.0
2019.0,spring,LDL,9,WEA,LGE,WEA,LGE,https://lpl.qq.com/es/stats.shtml?bmid=4757,https://v.qq.com/x/page/t0863zfn7ur.html,,,1.0
2019.0,spring,LDL,9,,,LGE,WEA,https://lpl.qq.com/es/stats.shtml?bmid=4757,https://v.qq.com/x/page/t08630i25ma.html,,,2.0
2019.0,spring,LDL,9,,,LGE,WEA,https://lpl.qq.com/es/stats.shtml?bmid=4757,https://v.qq.com/x/page/r0863ssehfd.html,,,3.0
2019.0,spring,LDL,9,JDM,YM,JDM,YM,https://lpl.qq.com/es/stats.shtml?bmid=4758,https://v.qq.com/x/page/u0863imwncf.html,,Zhuang,1.0
2019.0,spring,LDL,9,,,JDM,YM,https://lpl.qq.com/es/stats.shtml?bmid=4758,https://v.qq.com/x/page/e0863k93t63.html,,Xiaohan,2.0
2019.0,spring,LDL,9,,,JDM,YM,https://lpl.qq.com/es/stats.shtml?bmid=4758,https://v.qq.com/x/page/w0863m44hw0.html,,rat,3.0
2019.0,spring,LDL,9,OMD,GD,GD,OMD,https://lpl.qq.com/es/stats.shtml?bmid=4759,https://v.qq.com/x/page/z0864t0ez2l.html,,Curse,1.0
2019.0,spring,LDL,9,,,OMD,GD,https://lpl.qq.com/es/stats.shtml?bmid=4759,https://v.qq.com/x/page/y0864y6web2.html,,Rin,2.0
2019.0,spring,LDL,9,,,OMD,GD,https://lpl.qq.com/es/stats.shtml?bmid=4759,https://v.qq.com/x/page/g0864gra2y9.html,,Guoguo,3.0
2019.0,spring,LDL,9,IGY,SG,IGY,SG,https://lpl.qq.com/es/stats.shtml?bmid=4760,https://v.qq.com/x/page/x0863bvqeyl.html,,,1.0
2019.0,spring,LDL,9,,,SG,IGY,https://lpl.qq.com/es/stats.shtml?bmid=4760,https://v.qq.com/x/page/a08643qrap8.html,,,2.0
2019.0,spring,LDL,9,,,IGY,SG,https://lpl.qq.com/es/stats.shtml?bmid=4760,,,,3.0
2019.0,spring,LDL,9,VGP,VTG,VTG,VGP,https://lpl.qq.com/es/stats.shtml?bmid=4761,https://v.qq.com/x/page/p0864hdqzly.html,,Strive,1.0
2019.0,spring,LDL,9,,,VGP,VTG,https://lpl.qq.com/es/stats.shtml?bmid=4761,https://v.qq.com/x/page/x0864a9g318.html,,997,2.0
2019.0,spring,LDL,9,,,VTG,VGP,https://lpl.qq.com/es/stats.shtml?bmid=4761,https://v.qq.com/x/page/b0864kjyc6j.html,,noble,3.0
2019.0,spring,LDL,9,VP,SDX,VP,SDX,https://lpl.qq.com/es/stats.shtml?bmid=4762,https://v.qq.com/x/page/b08640zyf9r.html,,,1.0
2019.0,spring,LDL,9,,,SDX,VP,https://lpl.qq.com/es/stats.shtml?bmid=4762,https://v.qq.com/x/page/g0864a4o9vw.html,,,2.0
2019.0,spring,LDL,9,EDGY,LGE,LGE,EDGY,https://lpl.qq.com/es/stats.shtml?bmid=4763,https://v.qq.com/x/page/h0864dl0q80.html,,beige,1.0
2019.0,spring,LDL,9,,,EDGY,LGE,https://lpl.qq.com/es/stats.shtml?bmid=4763,https://v.qq.com/x/page/s08649iokcp.html,,ZBB,2.0
2019.0,spring,LDL,9,,,LGE,EDGY,https://lpl.qq.com/es/stats.shtml?bmid=4763,https://v.qq.com/x/page/q0864jo1l4k.html,,ZBB,3.0
2019.0,spring,LDL,9,RYL,87,RYL,87,https://lpl.qq.com/es/stats.shtml?bmid=4764,https://v.qq.com/x/page/d0864cwnux1.html,,Moon,1.0
2019.0,spring,LDL,9,,,87,RYL,https://lpl.qq.com/es/stats.shtml?bmid=4764,https://v.qq.com/x/page/m08649dc22r.html,,Moon,2.0
2019.0,spring,LDL,9,KOF,LEG,KOF,LEG,https://lpl.qq.com/es/stats.shtml?bmid=4765,https://v.qq.com/x/page/m08645vutrz.html,,,1.0
2019.0,spring,LDL,9,,,KOF,LEG,https://lpl.qq.com/es/stats.shtml?bmid=4765,https://v.qq.com/x/page/j0864m5x60n.html,,,2.0
2019.0,spring,LDL,9,,,LEG,KOF,https://lpl.qq.com/es/stats.shtml?bmid=4765,https://v.qq.com/x/page/g0864u1zrgq.html,,,3.0
2019.0,spring,LDL,9,BLGJ,TSG,BLGJ,TSG,https://lpl.qq.com/es/stats.shtml?bmid=4766,https://v.qq.com/x/page/p0864d8m7k6.html,,xiaoliulian,1.0
2019.0,spring,LDL,9,,,BLGJ,TSG,https://lpl.qq.com/es/stats.shtml?bmid=4766,https://v.qq.com/x/page/k0864xf4b21.html,,Closer,2.0
2019.0,spring,LDL,9,,,BLGJ,TSG,https://lpl.qq.com/es/stats.shtml?bmid=4766,https://v.qq.com/x/page/g08643ghle9.html,,sixsix9,3.0
2019.0,spring,LDL,9,SDP,UP,UP,SDP,https://lpl.qq.com/es/stats.shtml?bmid=4767,https://v.qq.com/x/page/u0864dxbyhv.html,,,1.0
2019.0,spring,LDL,9,,,UP,SDP,https://lpl.qq.com/es/stats.shtml?bmid=4767,https://v.qq.com/x/page/h08649wjxeu.html,,Aitong,2.0
2019.0,spring,LDL,9,,,UP,SDP,https://lpl.qq.com/es/stats.shtml?bmid=4767,https://v.qq.com/x/page/t086456emcz.html,,,3.0
2019.0,spring,LDL,9,EDGY,JDM,JDM,EDGY,https://lpl.qq.com/es/stats.shtml?bmid=4768,https://v.qq.com/x/page/x08641vqd3r.html,,yimeng,1.0
2019.0,spring,LDL,9,,,EDGY,JDM,https://lpl.qq.com/es/stats.shtml?bmid=4768,https://v.qq.com/x/page/c086411ijvc.html,,clx,2.0
2019.0,spring,LDL,9,,,JDM,EDGY,https://lpl.qq.com/es/stats.shtml?bmid=4768,https://v.qq.com/x/page/a08645xkxlc.html,,clx,3.0
2019.0,spring,LDL,9,RWS,SDX,RWS,SDX,https://lpl.qq.com/es/stats.shtml?bmid=4769,https://v.qq.com/x/page/i0864x77xae.html,,Godlou,1.0
2019.0,spring,LDL,9,,,SDX,RWS,https://lpl.qq.com/es/stats.shtml?bmid=4769,https://v.qq.com/x/page/z08646kzk2d.html,,WeiYan,2.0
2019.0,spring,LDL,9,,,RWS,SDX,https://lpl.qq.com/es/stats.shtml?bmid=4769,https://v.qq.com/x/page/o0864yjieoo.html,,Kiy1n9,3.0
2019.0,spring,LDL,9,SNS,SG,SNS,SG,https://lpl.qq.com/es/stats.shtml?bmid=4770,https://v.qq.com/x/page/o0864ykzzbi.html,,bin,1.0
2019.0,spring,LDL,9,,,SG,SNS,https://lpl.qq.com/es/stats.shtml?bmid=4770,https://v.qq.com/x/page/u0864gw64ry.html,,XPZ,2.0
2019.0,spring,LDL,9,,,SNS,SG,https://lpl.qq.com/es/stats.shtml?bmid=4770,https://v.qq.com/x/page/v0864tqgwaj.html,,JDM,3.0
2019.0,spring,LDL,9,SWD,YM,SWD,YM,https://lpl.qq.com/es/stats.shtml?bmid=4771,https://v.qq.com/x/page/b0864aa0opa.html,,,1.0
2019.0,spring,LDL,9,,,SWD,YM,https://lpl.qq.com/es/stats.shtml?bmid=4771,https://v.qq.com/x/page/z0864dog3an.html,,,2.0
2019.0,spring,LDL,9,,,SWD,YM,https://lpl.qq.com/es/stats.shtml?bmid=4771,https://v.qq.com/x/page/h0864whfi4u.html,,,3.0
2019.0,spring,LDL,9,WEA,VTG,WEA,VTG,https://lpl.qq.com/es/stats.shtml?bmid=4772,https://v.qq.com/x/page/n0864662gnt.html,,Fishball,1.0
2019.0,spring,LDL,9,,,WEA,VTG,https://lpl.qq.com/es/stats.shtml?bmid=4772,https://v.qq.com/x/page/j0864wmzr38.html,,997,2.0
2019.0,spring,LDL,9,FPB,GD,FPB,GD,https://lpl.qq.com/es/stats.shtml?bmid=4773,https://v.qq.com/x/page/y0864fvuwhp.html,,,1.0
2019.0,spring,LDL,9,,,GD,FPB,https://lpl.qq.com/es/stats.shtml?bmid=4773,https://v.qq.com/x/page/k0864u2prtw.html,,,2.0
2019.0,spring,LDL,9,VGP,LGE,LGE,VGP,https://lpl.qq.com/es/stats.shtml?bmid=4774,https://v.qq.com/x/page/q08651axdqm.html,,BadeMan,1.0
2019.0,spring,LDL,9,,,VGP,LGE,https://lpl.qq.com/es/stats.shtml?bmid=4774,https://v.qq.com/x/page/d0865d2upqz.html,,Strive,2.0
2019.0,spring,LDL,9,,,LGE,VGP,https://lpl.qq.com/es/stats.shtml?bmid=4774,https://v.qq.com/x/page/i0865dgzvxw.html,,ZBB,3.0
2019.0,spring,LDL,9,VP,87,87,VP,https://lpl.qq.com/es/stats.shtml?bmid=4775,https://v.qq.com/x/page/f08650o1a27.html,,X41007,1.0
2019.0,spring,LDL,9,,,VP,87,https://lpl.qq.com/es/stats.shtml?bmid=4775,https://v.qq.com/x/page/j0865r43yg7.html,,Y1TT,2.0
2019.0,spring,LDL,9,JDM,LEG,LEG,JDM,https://lpl.qq.com/es/stats.shtml?bmid=4776,https://v.qq.com/x/page/i08652d09vb.html,,,1.0
2019.0,spring,LDL,9,,,LEG,JDM,https://lpl.qq.com/es/stats.shtml?bmid=4776,https://v.qq.com/x/page/j0865e2oir2.html,,,2.0
2019.0,spring,LDL,9,OMD,UP,OMD,UP,https://lpl.qq.com/es/stats.shtml?bmid=4777,https://v.qq.com/x/page/h08656784go.html,,Eric,1.0
2019.0,spring,LDL,9,,,UP,OMD,https://lpl.qq.com/es/stats.shtml?bmid=4777,https://v.qq.com/x/page/l08656v3lxc.html,,Eric,2.0
2019.0,spring,LDL,9,IGY,TSG,TSG,IGY,https://lpl.qq.com/es/stats.shtml?bmid=4778,https://v.qq.com/x/page/o0865b48tzi.html,,,1.0
2019.0,spring,LDL,9,,,TSG,IGY,https://lpl.qq.com/es/stats.shtml?bmid=4778,https://v.qq.com/x/page/a0865evmlop.html,,,2.0
2019.0,spring,LDL,9,EDGY,VTG,VTG,EDGY,https://lpl.qq.com/es/stats.shtml?bmid=4779,https://v.qq.com/x/page/o0865av9dv2.html,,yimeng,1.0
2019.0,spring,LDL,9,,,EDGY,VTG,https://lpl.qq.com/es/stats.shtml?bmid=4779,https://v.qq.com/x/page/t0865s1dnl1.html,,yimeng,2.0
2019.0,spring,LDL,9,KOF,YM,KOF,YM,https://lpl.qq.com/es/stats.shtml?bmid=4780,https://v.qq.com/x/page/p0865kkjatu.html,,Zhuang,1.0
2019.0,spring,LDL,9,,,KOF,YM,https://lpl.qq.com/es/stats.shtml?bmid=4780,https://v.qq.com/x/page/w086573ntnz.html,,CJJ,2.0
2019.0,spring,LDL,9,RYL,SDX,RYL,SDX,https://lpl.qq.com/es/stats.shtml?bmid=4781,https://v.qq.com/x/page/i08657nc6h7.html,,,1.0
2019.0,spring,LDL,9,,,SDX,RYL,https://lpl.qq.com/es/stats.shtml?bmid=4781,https://v.qq.com/x/page/d08651675o0.html,,,2.0
2019.0,spring,LDL,9,,,RYL,SDX,https://lpl.qq.com/es/stats.shtml?bmid=4781,https://v.qq.com/x/page/o0865i8lm71.html,,,3.0
2019.0,spring,LDL,9,SDP,GD,SDP,GD,https://lpl.qq.com/es/stats.shtml?bmid=4782,https://v.qq.com/x/page/e08656wknhs.html,,Enjoy,1.0
2019.0,spring,LDL,9,,,SDP,GD,https://lpl.qq.com/es/stats.shtml?bmid=4782,https://v.qq.com/x/page/z0865tn0mof.html,,Aitong,2.0
2019.0,spring,LDL,9,,,GD,SDP,https://lpl.qq.com/es/stats.shtml?bmid=4782,https://v.qq.com/x/page/v0865dd1k1w.html,,Enjoy,3.0
2019.0,spring,LDL,9,BLGJ,SG,SG,BLGJ,https://lpl.qq.com/es/stats.shtml?bmid=4783,https://v.qq.com/x/page/m0865rdelwf.html,,,1.0
2019.0,spring,LDL,9,,,BLGJ,SG,https://lpl.qq.com/es/stats.shtml?bmid=4783,https://v.qq.com/x/page/g0865nmxwui.html,,,2.0
