year,season,league_name,week,team_1,team_2,Blue,Red,MH,PB,Start,HL,set_number
2020.0,summer,TPL_a,1,FB.A,IWC.A,IWC.A,FB.A,https://matchhistory.na.leagueoflegends.com/en/#match-details/ESPORTSTMNT04/1230268?gameHash=1df302dd22e40f1c&tab=overview,https://youtu.be/BvxXrUdMrLU?t=1,https://youtu.be/BvxXrUdMrLU?t=474,https://www.youtube.com/watch?v=CLFE_edmQTg,1.0
2020.0,summer,TPL_a,1,DP.A,AUR.A,AUR.A,DP.A,https://matchhistory.na.leagueoflegends.com/en/#match-details/ESPORTSTMNT04/1230279?gameHash=d3455cbbaa4ff92d&tab=overview,https://youtu.be/kfCgwT_YN34?t=1,https://youtu.be/kfCgwT_YN34?t=403,https://www.youtube.com/watch?v=k6xE8VaJceY,1.0
2020.0,summer,TPL_a,1,GAL.A,BJK.A,BJK.A,GAL.A,https://matchhistory.na.leagueoflegends.com/en/#match-details/ESPORTSTMNT04/1230301?gameHash=e1e61d7462a961e8&tab=overview,https://youtu.be/vTn-BUnjAlQ?t=1,https://youtu.be/vTn-BUnjAlQ?t=456,https://www.youtube.com/watch?v=hSFTbabt_Rk,1.0
2020.0,summer,TPL_a,1,GS.A,5R.A,5R.A,GS.A,https://matchhistory.na.leagueoflegends.com/en/#match-details/ESPORTSTMNT04/1230325?gameHash=3f84c7ee9eab490b&tab=overview,https://youtu.be/EPZAyXGtoHk?t=1,https://youtu.be/EPZAyXGtoHk?t=424,https://www.youtube.com/watch?v=RDOwh4FuHeo,1.0
2020.0,summer,TPL_a,1,RY.A,SUP.A,SUP.A,RY.A,https://matchhistory.na.leagueoflegends.com/en/#match-details/ESPORTSTMNT04/1230341?gameHash=b11c092c0040cd83&tab=overview,https://youtu.be/LzkBmJIcr3k?t=1,https://youtu.be/LzkBmJIcr3k?t=358,https://www.youtube.com/watch?v=ujhMevASdUI,1.0
2020.0,summer,TPL_a,1,BJK.A,DP.A,DP.A,BJK.A,https://matchhistory.na.leagueoflegends.com/en/#match-details/ESPORTSTMNT04/1230415?gameHash=ed52f20ed90e9efb&tab=overview,https://youtu.be/kL0wKBK2bwY?t=1,https://youtu.be/kL0wKBK2bwY?t=429,https://www.youtube.com/watch?v=gxbz-7gxFFY,1.0
2020.0,summer,TPL_a,1,AUR.A,FB.A,FB.A,AUR.A,https://matchhistory.na.leagueoflegends.com/en/#match-details/ESPORTSTMNT04/1230420?gameHash=9ce71d12124e8dc5&tab=overview,https://youtu.be/e1Kgb5TzJ_Y?t=1,https://youtu.be/e1Kgb5TzJ_Y?t=417,https://www.youtube.com/watch?v=6GliJyVTTEU,1.0
2020.0,summer,TPL_a,1,SUP.A,IWC.A,IWC.A,SUP.A,https://matchhistory.na.leagueoflegends.com/en/#match-details/ESPORTSTMNT04/1230431?gameHash=621f449be38fd2c8&tab=overview,https://youtu.be/k35CZ5W4mJY?t=1,https://youtu.be/k35CZ5W4mJY?t=389,https://www.youtube.com/watch?v=umj2ZHvg-1E,1.0
2020.0,summer,TPL_a,1,5R.A,RY.A,RY.A,5R.A,https://matchhistory.na.leagueoflegends.com/en/#match-details/ESPORTSTMNT04/1230436?gameHash=c6ed0eaf0acf36fd&tab=overview,https://youtu.be/CL_7xiecKXM?t=1,https://youtu.be/CL_7xiecKXM?t=184,https://www.youtube.com/watch?v=ShXnZLo3ZDU,1.0
2020.0,summer,TPL_a,1,GS.A,GAL.A,GAL.A,GS.A,https://matchhistory.na.leagueoflegends.com/en/#match-details/ESPORTSTMNT04/1230448?gameHash=1e6f7fd8b224cc67&tab=overview,https://youtu.be/OUmHyrD-cOo?t=1,https://youtu.be/OUmHyrD-cOo?t=415,https://www.youtube.com/watch?v=AlIVj5Kj8SU,1.0
2020.0,summer,TPL_a,1,FB.A,SUP.A,FB.A,SUP.A,https://matchhistory.na.leagueoflegends.com/en/#match-details/ESPORTSTMNT04/1220593?gameHash=d9a9fdfcfff3039c&tab=overview,,https://youtu.be/w8ZXpY3_ZZ4?t=24,https://www.youtube.com/watch?v=Hc8EuQVdP_k,1.0
2020.0,summer,TPL_a,1,IWC.A,5R.A,5R.A,IWC.A,https://matchhistory.na.leagueoflegends.com/en/#match-details/ESPORTSTMNT04/1220596?gameHash=ea257ccf1a824b5e&tab=overview,https://youtu.be/B9kmyBD-V84?t=1,https://youtu.be/B9kmyBD-V84?t=438,https://www.youtube.com/watch?v=bEFjXhurZIc,1.0
2020.0,summer,TPL_a,1,DP.A,GS.A,GS.A,DP.A,https://matchhistory.na.leagueoflegends.com/en/#match-details/ESPORTSTMNT04/1220603?gameHash=b4372af3c6e3cc29&tab=overview,https://youtu.be/t9M3UefjrHM?t=1,https://youtu.be/t9M3UefjrHM?t=363,https://www.youtube.com/watch?v=QG971Ibx2b4,1.0
2020.0,summer,TPL_a,1,RY.A,GAL.A,GAL.A,RY.A,https://matchhistory.na.leagueoflegends.com/en/#match-details/ESPORTSTMNT04/1220607?gameHash=b1b1b9e53e5219e5&tab=overview,https://youtu.be/AbZQlWaK2d4?t=1,https://youtu.be/AbZQlWaK2d4?t=370,https://www.youtube.com/watch?v=UHd32TvlxyY,1.0
2020.0,summer,TPL_a,1,AUR.A,BJK.A,BJK.A,AUR.A,https://matchhistory.na.leagueoflegends.com/en/#match-details/ESPORTSTMNT04/1220616?gameHash=3ea1df33f616448b&tab=overview,https://youtu.be/EGZi_UJScTs?t=1,https://youtu.be/EGZi_UJScTs?t=481,https://www.youtube.com/watch?v=Q-hWAfdlaQA,1.0
2020.0,summer,TPL_a,1,RY.A,DP.A,,,,,,,1.0
2020.0,summer,TPL_a,1,GAL.A,IWC.A,IWC.A,GAL.A,https://matchhistory.na.leagueoflegends.com/en/#match-details/ESPORTSTMNT04/1230686?gameHash=358db033ddb01313&tab=overview,https://youtu.be/DEfQdB12JqM?t=1,https://youtu.be/DEfQdB12JqM?t=542,https://www.youtube.com/watch?v=y1tSGZMnrWU,1.0
2020.0,summer,TPL_a,1,GS.A,AUR.A,AUR.A,GS.A,https://matchhistory.na.leagueoflegends.com/en/#match-details/ESPORTSTMNT04/1230690?gameHash=6e1e6a2dd642b0fc&tab=overview,https://youtu.be/hrn8jGuWvEU?t=1,https://youtu.be/hrn8jGuWvEU?t=407,https://www.youtube.com/watch?v=bvvepcCeXDw,1.0
2020.0,summer,TPL_a,1,5R.A,SUP.A,SUP.A,5R.A,https://matchhistory.na.leagueoflegends.com/en/#match-details/ESPORTSTMNT04/1230698?gameHash=5d3b704f245fa829&tab=overview,https://youtu.be/RRXeP-P4F2g?t=1,https://youtu.be/RRXeP-P4F2g?t=425,https://www.youtube.com/watch?v=4z_EWiGQdQY,1.0
2020.0,summer,TPL_a,1,BJK.A,FB.A,BJK.A,FB.A,https://matchhistory.na.leagueoflegends.com/en/#match-details/ESPORTSTMNT04/1230703?gameHash=372d17a2217a1bf2&tab=overview,https://youtu.be/iKmeQ3cRqtM?t=1,https://youtu.be/iKmeQ3cRqtM?t=466,https://www.youtube.com/watch?v=BnYwAKuksQw,1.0
2020.0,summer,TPL_a,2,SUP.A,GAL.A,SUP.A,GAL.A,https://matchhistory.na.leagueoflegends.com/en/#match-details/ESPORTSTMNT05/1520057?gameHash=fc0744e47dbdb8fb&tab=overview,https://youtu.be/c8cWErksglw?t=1,https://youtu.be/c8cWErksglw?t=325,https://www.youtube.com/watch?v=C9atq2gl9vU,1.0
2020.0,summer,TPL_a,2,BJK.A,GS.A,GS.A,BJK.A,https://matchhistory.na.leagueoflegends.com/en/#match-details/ESPORTSTMNT05/1520065?gameHash=b4346c9cbf0f165a&tab=overview,https://youtu.be/KDoZ1p4Q9-M?t=1,https://youtu.be/KDoZ1p4Q9-M?t=320,https://www.youtube.com/watch?v=XSCHIWgPQlQ,1.0
2020.0,summer,TPL_a,2,IWC.A,DP.A,DP.A,IWC.A,https://matchhistory.na.leagueoflegends.com/en/#match-details/ESPORTSTMNT05/1520073?gameHash=3e51c595b8f47141&tab=overview,https://youtu.be/jxL4PHp93wc?t=1,https://youtu.be/jxL4PHp93wc?t=390,https://www.youtube.com/watch?v=l3_Ik88ZTfA,1.0
2020.0,summer,TPL_a,2,FB.A,5R.A,FB.A,5R.A,https://matchhistory.na.leagueoflegends.com/en/#match-details/ESPORTSTMNT05/1520078?gameHash=251504927b66eced&tab=overview,https://youtu.be/J1JFCCihXyQ?t=1,https://youtu.be/J1JFCCihXyQ?t=394,https://www.youtube.com/watch?v=waBJnyjF_kQ,1.0
2020.0,summer,TPL_a,2,AUR.A,RY.A,RY.A,AUR.A,https://matchhistory.na.leagueoflegends.com/en/#match-details/ESPORTSTMNT05/1520083?gameHash=7a5f08af05b991fd&tab=overview,https://youtu.be/hUA2smM0X1Y?t=1,https://youtu.be/hUA2smM0X1Y?t=456,https://www.youtube.com/watch?v=CmK_mVV6jo0,1.0
2020.0,summer,TPL_a,2,GAL.A,5R.A,5R.A,GAL.A,https://matchhistory.na.leagueoflegends.com/en/#match-details/ESPORTSTMNT05/1510088?gameHash=5fdfa6ed7687b089&tab=overview,https://youtu.be/NlGrnYGtijs?t=1,https://youtu.be/NlGrnYGtijs?t=435,https://www.youtube.com/watch?v=FhtiXAB7sWU,1.0
2020.0,summer,TPL_a,2,RY.A,BJK.A,BJK.A,RY.A,https://matchhistory.na.leagueoflegends.com/en/#match-details/ESPORTSTMNT05/1510096?gameHash=c64f5d6c62b305c9&tab=overview,https://youtu.be/ZDMokLEKMEo?t=1,https://youtu.be/ZDMokLEKMEo?t=422,https://www.youtube.com/watch?v=8euMZKOSd_A,1.0
2020.0,summer,TPL_a,2,IWC.A,AUR.A,AUR.A,IWC.A,https://matchhistory.na.leagueoflegends.com/en/#match-details/ESPORTSTMNT05/1510101?gameHash=f8fc28ac6aeaacb0&tab=overview,https://youtu.be/H9Q0dNXCyLs?t=1,https://youtu.be/H9Q0dNXCyLs?t=470,https://www.youtube.com/watch?v=4rPKPMzEFYU,1.0
2020.0,summer,TPL_a,2,DP.A,SUP.A,SUP.A,DP.A,https://matchhistory.na.leagueoflegends.com/en/#match-details/ESPORTSTMNT05/1510113?gameHash=f0fcb1e51a353b33&tab=overview,https://youtu.be/MgMR8rpOmCw?t=1,https://youtu.be/MgMR8rpOmCw?t=401,https://www.youtube.com/watch?v=-yDS6RT4Pp0,1.0
2020.0,summer,TPL_a,2,GS.A,FB.A,FB.A,GS.A,https://matchhistory.na.leagueoflegends.com/en/#match-details/ESPORTSTMNT05/1510117?gameHash=d6a447dd3474691c&tab=overview,https://youtu.be/VnGQR3OVr1U?t=1,https://youtu.be/VnGQR3OVr1U?t=164,https://www.youtube.com/watch?v=6oNrFXKG0hc,1.0
2020.0,summer,TPL_a,3,SUP.A,AUR.A,AUR.A,SUP.A,https://matchhistory.na.leagueoflegends.com/en/#match-details/ESPORTSTMNT05/1520487?gameHash=2dd4a084e1c77ad3&tab=overview,https://youtu.be/28ME-STNHpg?t=1,https://youtu.be/28ME-STNHpg?t=415,https://www.youtube.com/watch?v=3s8oO_Kr12g,1.0
2020.0,summer,TPL_a,3,GS.A,RY.A,RY.A,GS.A,https://matchhistory.na.leagueoflegends.com/en/#match-details/ESPORTSTMNT05/1520490?gameHash=707c17d5b60e9803&tab=overview,https://youtu.be/tsY5m1BN-6w?t=1,https://youtu.be/tsY5m1BN-6w?t=389,https://www.youtube.com/watch?v=yzlgQpKfS5o,1.0
2020.0,summer,TPL_a,3,FB.A,GAL.A,FB.A,GAL.A,https://matchhistory.na.leagueoflegends.com/en/#match-details/ESPORTSTMNT05/1520498?gameHash=a7468b7fc47e88b0&tab=overview,https://youtu.be/9HBJj8Ildu0?t=1,https://youtu.be/9HBJj8Ildu0?t=470,https://www.youtube.com/watch?v=OQ_HbQOUwrA,1.0
2020.0,summer,TPL_a,3,BJK.A,IWC.A,IWC.A,BJK.A,https://matchhistory.na.leagueoflegends.com/en/#match-details/ESPORTSTMNT05/1520504?gameHash=d91d39f66ef62002&tab=overview,https://youtu.be/0uM8LJNtohk?t=1,https://youtu.be/0uM8LJNtohk?t=405,https://www.youtube.com/watch?v=uk9IfH6x9NA,1.0
2020.0,summer,TPL_a,3,5R.A,DP.A,5R.A,DP.A,https://matchhistory.na.leagueoflegends.com/en/#match-details/ESPORTSTMNT05/1520505?gameHash=9ed7bece843b44b1&tab=overview,https://youtu.be/6G6B9dE2_OE?t=1,https://youtu.be/6G6B9dE2_OE?t=411,https://www.youtube.com/watch?v=aya32-qAVfU,1.0
2020.0,summer,TPL_a,3,IWC.A,GS.A,GS.A,IWC.A,https://matchhistory.na.leagueoflegends.com/en/#match-details/ESPORTSTMNT05/1510540?gameHash=9aaa388250342014&tab=overview,https://youtu.be/jzw0neYwalM?t=1,https://youtu.be/jzw0neYwalM?t=410,https://www.youtube.com/watch?v=ZULNP_JJu_k,1.0
2020.0,summer,TPL_a,3,SUP.A,BJK.A,BJK.A,SUP.A,https://matchhistory.na.leagueoflegends.com/en/#match-details/ESPORTSTMNT05/1510544?gameHash=1371f95387a29f73&tab=overview,https://youtu.be/R3fdli8vGMU?t=1,https://youtu.be/R3fdli8vGMU?t=449,https://www.youtube.com/watch?v=3fViKk2RIkM,1.0
2020.0,summer,TPL_a,3,AUR.A,5R.A,5R.A,AUR.A,https://matchhistory.na.leagueoflegends.com/en/#match-details/ESPORTSTMNT05/1510546?gameHash=daf14eb2295f2e69&tab=overview,https://youtu.be/fESGzNQzvz8?t=1,https://youtu.be/fESGzNQzvz8?t=387,https://www.youtube.com/watch?v=sShEHMdijUE,1.0
2020.0,summer,TPL_a,3,RY.A,FB.A,FB.A,RY.A,https://matchhistory.na.leagueoflegends.com/en/#match-details/ESPORTSTMNT05/1510549?gameHash=4d58d66fb7e91b5c&tab=overview,https://youtu.be/8em7v9RrwRI?t=1,https://youtu.be/8em7v9RrwRI?t=247,https://www.youtube.com/watch?v=DZQgp5NIAjM,1.0
2020.0,summer,TPL_a,3,DP.A,GAL.A,GAL.A,DP.A,https://matchhistory.na.leagueoflegends.com/en/#match-details/ESPORTSTMNT05/1510551?gameHash=95fbb859b99d208b&tab=overview,https://youtu.be/iHPqzCAACoY?t=1,https://youtu.be/iHPqzCAACoY?t=387,https://www.youtube.com/watch?v=VUTK9pVx1BM,1.0
2020.0,summer,TPL_a,4,GS.A,SUP.A,SUP.A,GS.A,https://matchhistory.na.leagueoflegends.com/en/#match-details/ESPORTSTMNT06/1270203?gameHash=d90360e5f50bdd68&tab=overview,https://youtu.be/UxXH3N2t53M?t=1,https://youtu.be/UxXH3N2t53M?t=427,https://www.youtube.com/watch?v=fZYtV5agmks,1.0
2020.0,summer,TPL_a,4,5R.A,BJK.A,BJK.A,5R.A,https://matchhistory.na.leagueoflegends.com/en/#match-details/ESPORTSTMNT06/1270211?gameHash=6776059c2172cf66&tab=overview,https://youtu.be/hG_BG9MSqP0?t=1,https://youtu.be/hG_BG9MSqP0?t=420,https://www.youtube.com/watch?v=yx5uUHfzBNs,1.0
2020.0,summer,TPL_a,4,FB.A,DP.A,DP.A,FB.A,https://matchhistory.na.leagueoflegends.com/en/#match-details/ESPORTSTMNT06/1270216?gameHash=001cab9349bbe362&tab=overview,https://youtu.be/c8qOCdRqxEM?t=1,https://youtu.be/c8qOCdRqxEM?t=306,https://www.youtube.com/watch?v=GhMY4ycW82w,1.0
2020.0,summer,TPL_a,4,GAL.A,AUR.A,GAL.A,AUR.A,https://matchhistory.na.leagueoflegends.com/en/#match-details/ESPORTSTMNT06/1300249?gameHash=616f91ab65524833&tab=overview,https://youtu.be/Qy6BMflAGaM?t=1,https://youtu.be/Qy6BMflAGaM?t=419,https://www.youtube.com/watch?v=j97dslBj4D4,1.0
2020.0,summer,TPL_a,4,RY.A,IWC.A,IWC.A,RY.A,https://matchhistory.na.leagueoflegends.com/en/#match-details/ESPORTSTMNT06/1300254?gameHash=ee0223e9a34752e0&tab=overview,https://youtu.be/EdvLF5xTWxk?t=1,https://youtu.be/EdvLF5xTWxk?t=410,https://www.youtube.com/watch?v=XdwQ8aFdvNE,1.0
2020.0,summer,TPL_a,4,AUR.A,DP.A,DP.A,AUR.A,https://matchhistory.na.leagueoflegends.com/en/#match-details/ESPORTSTMNT06/1300278?gameHash=828a23f3d8dd7d41&tab=overview,https://youtu.be/ttuyVCovEb8?t=1,https://youtu.be/ttuyVCovEb8?t=377,https://www.youtube.com/watch?v=XwLjq3AHvQM,1.0
2020.0,summer,TPL_a,4,5R.A,GS.A,GS.A,5R.A,https://matchhistory.na.leagueoflegends.com/en/#match-details/ESPORTSTMNT06/1270251?gameHash=9de172cb02eeb231&tab=overview,https://youtu.be/TRMYhiLAbkk?t=1,https://youtu.be/TRMYhiLAbkk?t=384,https://www.youtube.com/watch?v=569exrksCnc,1.0
2020.0,summer,TPL_a,4,SUP.A,RY.A,RY.A,SUP.A,https://matchhistory.na.leagueoflegends.com/en/#match-details/ESPORTSTMNT06/1270255?gameHash=d0398323091185b8&tab=overview,https://youtu.be/8r913vRB4tc?t=1,https://youtu.be/8r913vRB4tc?t=505,https://www.youtube.com/watch?v=IWPqjqh-KLc,1.0
2020.0,summer,TPL_a,4,BJK.A,GAL.A,GAL.A,BJK.A,https://matchhistory.na.leagueoflegends.com/en/#match-details/ESPORTSTMNT06/1270261?gameHash=38035a4429aa2321&tab=overview,https://youtu.be/lqCEYnQUX2c?t=1,https://youtu.be/lqCEYnQUX2c?t=470,https://www.youtube.com/watch?v=4VSwiVUOHsI,1.0
2020.0,summer,TPL_a,4,IWC.A,FB.A,FB.A,IWC.A,https://matchhistory.na.leagueoflegends.com/en/#match-details/ESPORTSTMNT06/1300303?gameHash=3244157ef4dbc4bc&tab=overview,https://youtu.be/t0oLOqxYTsQ?t=1,https://youtu.be/t0oLOqxYTsQ?t=449,https://www.youtube.com/watch?v=x5m6mO9-5eM,1.0
2020.0,summer,TPL_a,5,RY.A,5R.A,5R.A,RY.A,https://matchhistory.na.leagueoflegends.com/en/#match-details/ESPORTSTMNT06/1300678?gameHash=db9c2d70cf60e437&tab=overview,https://youtu.be/0AL6AUrXc3k?t=1,https://youtu.be/0AL6AUrXc3k?t=411,https://www.youtube.com/watch?v=CUcAFJ37oUA,1.0
2020.0,summer,TPL_a,5,IWC.A,SUP.A,SUP.A,IWC.A,https://matchhistory.na.leagueoflegends.com/en/#match-details/ESPORTSTMNT06/1300683?gameHash=cee0d3c777bbdc79&tab=overview,https://youtu.be/EV2728eYfxs?t=1,https://youtu.be/EV2728eYfxs?t=390,https://www.youtube.com/watch?v=3mTtSrvGxr4,1.0
2020.0,summer,TPL_a,5,DP.A,BJK.A,BJK.A,DP.A,https://matchhistory.na.leagueoflegends.com/en/#match-details/ESPORTSTMNT06/1300687?gameHash=8526f8dd5f913674&tab=overview,https://youtu.be/iHdMNJvvjSE?t=1,https://youtu.be/iHdMNJvvjSE?t=375,https://www.youtube.com/watch?v=kra4Y2Rk_4s,1.0
2020.0,summer,TPL_a,5,FB.A,AUR.A,AUR.A,FB.A,https://matchhistory.na.leagueoflegends.com/en/#match-details/ESPORTSTMNT06/1300688?gameHash=1da01bc9cd59920e&tab=overview,https://youtu.be/L2iydu7I6B8?t=1,https://youtu.be/L2iydu7I6B8?t=168,https://www.youtube.com/watch?v=LU9YLWKgkHs,1.0
2020.0,summer,TPL_a,5,GAL.A,GS.A,GS.A,GAL.A,https://matchhistory.na.leagueoflegends.com/en/#match-details/ESPORTSTMNT06/1300694?gameHash=097e3359bb58b12c&tab=overview,https://youtu.be/OXXjL2GzZoE?t=1,https://youtu.be/OXXjL2GzZoE?t=428,https://www.youtube.com/watch?v=N8LRdMLgBEQ,1.0
2020.0,summer,TPL_a,5,5R.A,IWC.A,IWC.A,5R.A,https://matchhistory.na.leagueoflegends.com/en/#match-details/ESPORTSTMNT06/1300745?gameHash=5527bb96fc5f214f&tab=overview,https://youtu.be/LaVWBGUngbc?t=1,https://youtu.be/LaVWBGUngbc?t=467,https://www.youtube.com/watch?v=_OAXhcompnE,1.0
2020.0,summer,TPL_a,5,BJK.A,AUR.A,AUR.A,BJK.A,https://matchhistory.na.leagueoflegends.com/en/#match-details/ESPORTSTMNT06/1300750?gameHash=9b75abc49b28253e&tab=overview,https://youtu.be/LK5mzLM1ORE?t=1,https://youtu.be/LK5mzLM1ORE?t=413,https://www.youtube.com/watch?v=VaPAYhUxXws,1.0
2020.0,summer,TPL_a,5,GAL.A,RY.A,RY.A,GAL.A,https://matchhistory.na.leagueoflegends.com/en/#match-details/ESPORTSTMNT06/1300752?gameHash=6f2e9ae2f463e2d3&tab=overview,https://youtu.be/oBG6WDUcEYc?t=1,https://youtu.be/oBG6WDUcEYc?t=541,https://www.youtube.com/watch?v=s7euLkXVWHk,1.0
2020.0,summer,TPL_a,5,GS.A,DP.A,DP.A,GS.A,https://matchhistory.na.leagueoflegends.com/en/#match-details/ESPORTSTMNT06/1300753?gameHash=882537414515eb2f&tab=overview,https://youtu.be/J_ETMl5ikx8?t=1,https://youtu.be/J_ETMl5ikx8?t=325,https://www.youtube.com/watch?v=9UYB7goF3nE,1.0
2020.0,summer,TPL_a,5,SUP.A,FB.A,FB.A,SUP.A,https://matchhistory.na.leagueoflegends.com/en/#match-details/ESPORTSTMNT06/1300755?gameHash=1464b7eaea2ebe76&tab=overview,https://youtu.be/0g8OMS2LYBw?t=1,https://youtu.be/0g8OMS2LYBw?t=448,https://www.youtube.com/watch?v=prMriA9L5Sw,1.0
2020.0,summer,TPL_a,6,DP.A,RY.A,RY.A,DP.A,https://matchhistory.na.leagueoflegends.com/en/#match-details/ESPORTSTMNT04/1240125?gameHash=d90109f706105250&tab=overview,https://youtu.be/Ewz47r0BSXk?t=1,https://youtu.be/Ewz47r0BSXk?t=397,https://www.youtube.com/watch?v=4XNDVDoWjcU,1.0
2020.0,summer,TPL_a,6,SUP.A,5R.A,SUP.A,5R.A,https://matchhistory.na.leagueoflegends.com/en/#match-details/ESPORTSTMNT04/1250118?gameHash=2ad30d1cb18c33b3&tab=overview,https://youtu.be/rL11udsQCbY?t=1,https://youtu.be/rL11udsQCbY?t=437,https://www.youtube.com/watch?v=hS48gl2fFnE,1.0
2020.0,summer,TPL_a,6,IWC.A,GAL.A,GAL.A,IWC.A,https://matchhistory.na.leagueoflegends.com/en/#match-details/ESPORTSTMNT04/1250124?gameHash=0d2729a47f14e46a&tab=overview,https://youtu.be/Nb1-jwa--rg?t=1,https://youtu.be/Nb1-jwa--rg?t=478,https://www.youtube.com/watch?v=X0kN9eys9zg,1.0
2020.0,summer,TPL_a,6,AUR.A,GS.A,GS.A,AUR.A,https://matchhistory.na.leagueoflegends.com/en/#match-details/ESPORTSTMNT04/1250129?gameHash=92e70e5c6cc93913&tab=overview,https://youtu.be/s5HLQH8Ryy0?t=1,https://youtu.be/s5HLQH8Ryy0?t=326,https://www.youtube.com/watch?v=gwpUjpqrZSk,1.0
2020.0,summer,TPL_a,6,FB.A,BJK.A,BJK.A,FB.A,https://matchhistory.na.leagueoflegends.com/en/#match-details/ESPORTSTMNT04/1250136?gameHash=b341631a91e52db8&tab=overview,https://youtu.be/snhm5zzqnio?t=1,https://youtu.be/snhm5zzqnio?t=502,https://www.youtube.com/watch?v=5ApdRyZ7BGo,1.0
2020.0,summer,TPL_a,6,GAL.A,SUP.A,SUP.A,GAL.A,https://matchhistory.na.leagueoflegends.com/en/#match-details/ESPORTSTMNT04/1240153?gameHash=651acd18aa2eb0d2&tab=overview,https://youtu.be/_sje8R1u5lE?t=1,https://youtu.be/_sje8R1u5lE?t=469,https://www.youtube.com/watch?v=4EjnbIFpNg8,1.0
2020.0,summer,TPL_a,6,DP.A,IWC.A,IWC.A,DP.A,https://matchhistory.na.leagueoflegends.com/en/#match-details/ESPORTSTMNT04/1240159?gameHash=8bb1d1036b0feb11&tab=overview,https://youtu.be/CKqhdOGEVnY?t=1,https://youtu.be/CKqhdOGEVnY?t=377,https://www.youtube.com/watch?v=zanExmfHH7w,1.0
2020.0,summer,TPL_a,6,GS.A,BJK.A,GS.A,BJK.A,https://matchhistory.na.leagueoflegends.com/en/#match-details/ESPORTSTMNT04/1240164?gameHash=6385f0865f8e052f&tab=overview,https://youtu.be/EPHSulsSDlg?t=1,https://youtu.be/EPHSulsSDlg?t=498,https://www.youtube.com/watch?v=x9A9a51lbvk,1.0
2020.0,summer,TPL_a,6,5R.A,FB.A,FB.A,5R.A,https://matchhistory.na.leagueoflegends.com/en/#match-details/ESPORTSTMNT04/1240169?gameHash=b8ac12bcf884e0fc&tab=overview,https://youtu.be/RbCoKbTxYCA?t=1,https://youtu.be/RbCoKbTxYCA?t=393,https://www.youtube.com/watch?v=kfEHXBUnAF0,1.0
2020.0,summer,TPL_a,6,RY.A,AUR.A,RY.A,AUR.A,https://matchhistory.na.leagueoflegends.com/en/#match-details/ESPORTSTMNT04/1240177?gameHash=e78dac4e89bb26ec&tab=overview,https://youtu.be/-eu1G-4YoHk?t=1,https://youtu.be/-eu1G-4YoHk?t=386,https://www.youtube.com/watch?v=4FMcDNthjwE,1.0
2020.0,summer,TPL_a,7,BJK.A,RY.A,RY.A,BJK.A,https://matchhistory.na.leagueoflegends.com/en/#match-details/ESPORTSTMNT04/1250344?gameHash=8e8b5b4e42b94895&tab=overview,https://youtu.be/Wf0HA3Ifx40?t=1,https://youtu.be/Wf0HA3Ifx40?t=421,https://www.youtube.com/watch?v=uatF4aJxWtQ,1.0
2020.0,summer,TPL_a,7,AUR.A,IWC.A,IWC.A,AUR.A,https://matchhistory.na.leagueoflegends.com/en/#match-details/ESPORTSTMNT04/1250347?gameHash=53de7e9f03372def&tab=overview,https://youtu.be/p-1tyOjWp1Y?t=1,https://youtu.be/p-1tyOjWp1Y?t=386,https://www.youtube.com/watch?v=0EYJik_8yZ0,1.0
2020.0,summer,TPL_a,7,5R.A,GAL.A,GAL.A,5R.A,https://matchhistory.na.leagueoflegends.com/en/#match-details/ESPORTSTMNT04/1250352?gameHash=254b93269905de68&tab=overview,https://youtu.be/5hc3-Jo_KbA?t=1,https://youtu.be/5hc3-Jo_KbA?t=422,https://www.youtube.com/watch?v=kEHLGdm3D2s,1.0
2020.0,summer,TPL_a,7,FB.A,GS.A,FB.A,GS.A,https://matchhistory.na.leagueoflegends.com/en/#match-details/ESPORTSTMNT04/1250358?gameHash=5ba0b04c00709000&tab=overview,https://youtu.be/M8VmKajqvqw?t=1,https://youtu.be/M8VmKajqvqw?t=422,https://www.youtube.com/watch?v=k0LHvXYJ2UI,1.0
2020.0,summer,TPL_a,7,SUP.A,DP.A,DP.A,SUP.A,https://matchhistory.na.leagueoflegends.com/en/#match-details/ESPORTSTMNT04/1250362?gameHash=4797cacfe5d7e76b&tab=overview,https://youtu.be/grVLPNgSWck?t=1,https://youtu.be/grVLPNgSWck?t=416,https://www.youtube.com/watch?v=tqDN3QRkTTU,1.0
2020.0,summer,TPL_a,7,IWC.A,BJK.A,BJK.A,IWC.A,https://matchhistory.na.leagueoflegends.com/en/#match-details/ESPORTSTMNT04/1240378?gameHash=189f7cb123d7bed5&tab=overview,https://youtu.be/y11NDFdzhMc?t=1,https://youtu.be/y11NDFdzhMc?t=540,https://www.youtube.com/watch?v=M4br7NmdfZA,1.0
2020.0,summer,TPL_a,7,RY.A,GS.A,GS.A,RY.A,https://matchhistory.na.leagueoflegends.com/en/#match-details/ESPORTSTMNT04/1240382?gameHash=3c3028f79f10034e&tab=overview,https://youtu.be/X71YCVYeEh8?t=1,https://youtu.be/X71YCVYeEh8?t=435,https://www.youtube.com/watch?v=ibCQuRXvLkM,1.0
2020.0,summer,TPL_a,7,GAL.A,FB.A,FB.A,GAL.A,https://matchhistory.na.leagueoflegends.com/en/#match-details/ESPORTSTMNT04/1240393?gameHash=3f6a3a8c63686418&tab=overview,https://youtu.be/m2n7zLDZphA?t=1,https://youtu.be/m2n7zLDZphA?t=436,https://www.youtube.com/watch?v=lzFV2rvLsPY,1.0
2020.0,summer,TPL_a,7,AUR.A,SUP.A,SUP.A,AUR.A,https://matchhistory.na.leagueoflegends.com/en/#match-details/ESPORTSTMNT04/1240399?gameHash=39895e73bf77e4f6&tab=overview,https://youtu.be/F3OBtbeQBWQ?t=1,https://youtu.be/F3OBtbeQBWQ?t=434,https://www.youtube.com/watch?v=GPx4rOhsObo,1.0
2020.0,summer,TPL_a,7,DP.A,5R.A,5R.A,DP.A,https://matchhistory.na.leagueoflegends.com/en/#match-details/ESPORTSTMNT04/1240403?gameHash=633b9acc8b113544&tab=overview,https://youtu.be/43Sy0iP-o-c?t=1,https://youtu.be/43Sy0iP-o-c?t=438,https://www.youtube.com/watch?v=wJPHVXWkk9w,1.0
2020.0,summer,TPL_a,8,5R.A,AUR.A,AUR.A,5R.A,https://matchhistory.na.leagueoflegends.com/en/#match-details/ESPORTSTMNT05/1540037?gameHash=df189f4cefd8bfea&tab=overview,https://youtu.be/ldwQx9thouk?t=1,https://youtu.be/ldwQx9thouk?t=261,https://www.youtube.com/watch?v=be3Q0DZ7gbk,1.0
2020.0,summer,TPL_a,8,GAL.A,DP.A,GAL.A,DP.A,https://matchhistory.na.leagueoflegends.com/en/#match-details/ESPORTSTMNT05/1540051?gameHash=cf1b14970988e20b&tab=overview,https://youtu.be/sAVRMvRS498?t=1,https://youtu.be/sAVRMvRS498?t=367,https://www.youtube.com/watch?v=Io5PjqSgF3c,1.0
2020.0,summer,TPL_a,8,FB.A,RY.A,RY.A,FB.A,https://matchhistory.na.leagueoflegends.com/en/#match-details/ESPORTSTMNT05/1540054?gameHash=ae8288afb21ed3f1&tab=overview,https://youtu.be/MTQRVSSwRGc?t=1,https://youtu.be/MTQRVSSwRGc?t=475,https://www.youtube.com/watch?v=u3wfWETXCK0,1.0
2020.0,summer,TPL_a,8,BJK.A,SUP.A,BJK.A,SUP.A,https://matchhistory.na.leagueoflegends.com/en/#match-details/ESPORTSTMNT05/1540057?gameHash=251bd034c1baa1d7&tab=overview,https://youtu.be/Zlc8P7TjPg0?t=1,https://youtu.be/Zlc8P7TjPg0?t=478,https://www.youtube.com/watch?v=F-tFjDQLgak,1.0
2020.0,summer,TPL_a,8,GS.A,IWC.A,IWC.A,GS.A,https://matchhistory.na.leagueoflegends.com/en/#match-details/ESPORTSTMNT05/1540064?gameHash=5b613b19f50e9a48&tab=overview,https://youtu.be/8XVVuWDbn9Y?t=1,https://youtu.be/8XVVuWDbn9Y?t=418,https://www.youtube.com/watch?v=PqR_rLNqTLE,1.0
2020.0,summer,TPL_a,8,AUR.A,GAL.A,AUR.A,GAL.A,https://matchhistory.na.leagueoflegends.com/en/#match-details/ESPORTSTMNT05/1540076?gameHash=e026e9283402e1cf&tab=overview,https://youtu.be/7-6IVQ2-ObA?t=1,https://youtu.be/7-6IVQ2-ObA?t=383,https://www.youtube.com/watch?v=mBwKcqcchiE,1.0
2020.0,summer,TPL_a,8,IWC.A,RY.A,RY.A,IWC.A,https://matchhistory.na.leagueoflegends.com/en/#match-details/ESPORTSTMNT05/1540080?gameHash=fa21c9178a25ee59&tab=overview,https://youtu.be/5GS8gLz14GI?t=1,https://youtu.be/5GS8gLz14GI?t=370,https://www.youtube.com/watch?v=IGrMsEdW8Qc,1.0
2020.0,summer,TPL_a,8,SUP.A,GS.A,GS.A,SUP.A,https://matchhistory.na.leagueoflegends.com/en/#match-details/ESPORTSTMNT05/1540088?gameHash=0d4bf910c0d1fddd&tab=overview,https://youtu.be/sPAhM0L1A8c?t=1,https://youtu.be/sPAhM0L1A8c?t=385,https://www.youtube.com/watch?v=X_rLTbxfvQM,1.0
2020.0,summer,TPL_a,8,DP.A,FB.A,FB.A,DP.A,https://matchhistory.na.leagueoflegends.com/en/#match-details/ESPORTSTMNT05/1540092?gameHash=c2127af3e1fa76c0&tab=overview,https://youtu.be/w6cW3-QrM1A?t=1,https://youtu.be/w6cW3-QrM1A?t=447,https://www.youtube.com/watch?v=QGyJoDyDC2A,1.0
2020.0,summer,TPL_a,8,BJK.A,5R.A,5R.A,BJK.A,https://matchhistory.na.leagueoflegends.com/en/#match-details/ESPORTSTMNT05/1540099?gameHash=d25245828f40c01d&tab=overview,https://youtu.be/CuGVg38trpA?t=1,https://youtu.be/CuGVg38trpA?t=460,https://www.youtube.com/watch?v=ZxeC8hZyoEc,1.0
2020.0,summer,TPL_a,Tiebreakers,DP.A,RY.A,DP.A,RY.A,https://matchhistory.na.leagueoflegends.com/en/#match-details/ESPORTSTMNT05/1540111?gameHash=058b48c0cf207c02&tab=overview,https://youtu.be/9kOLnG0hEog?t=1,https://youtu.be/9kOLnG0hEog?t=387,https://www.youtube.com/watch?v=LDLqbZOMBSI,1.0
